TimeQuest Timing Analyzer report for kit_single_cycle
Sun Nov 02 15:56:10 2025
Quartus II 64-Bit Version 13.0.1 Build 232 06/12/2013 Service Pack 1 SJ Web Edition


---------------------
; Table of Contents ;
---------------------
  1. Legal Notice
  2. TimeQuest Timing Analyzer Summary
  3. Parallel Compilation
  4. Clocks
  5. Slow Model Fmax Summary
  6. Slow Model Setup Summary
  7. Slow Model Hold Summary
  8. Slow Model Recovery Summary
  9. Slow Model Removal Summary
 10. Slow Model Minimum Pulse Width Summary
 11. Slow Model Setup: 'i_clk'
 12. Slow Model Setup: 'i_reset'
 13. Slow Model Hold: 'i_clk'
 14. Slow Model Hold: 'i_reset'
 15. Slow Model Recovery: 'i_clk'
 16. Slow Model Removal: 'i_clk'
 17. Slow Model Minimum Pulse Width: 'i_clk'
 18. Slow Model Minimum Pulse Width: 'i_reset'
 19. Setup Times
 20. Hold Times
 21. Clock to Output Times
 22. Minimum Clock to Output Times
 23. Fast Model Setup Summary
 24. Fast Model Hold Summary
 25. Fast Model Recovery Summary
 26. Fast Model Removal Summary
 27. Fast Model Minimum Pulse Width Summary
 28. Fast Model Setup: 'i_clk'
 29. Fast Model Setup: 'i_reset'
 30. Fast Model Hold: 'i_clk'
 31. Fast Model Hold: 'i_reset'
 32. Fast Model Recovery: 'i_clk'
 33. Fast Model Removal: 'i_clk'
 34. Fast Model Minimum Pulse Width: 'i_clk'
 35. Fast Model Minimum Pulse Width: 'i_reset'
 36. Setup Times
 37. Hold Times
 38. Clock to Output Times
 39. Minimum Clock to Output Times
 40. Multicorner Timing Analysis Summary
 41. Setup Times
 42. Hold Times
 43. Clock to Output Times
 44. Minimum Clock to Output Times
 45. Setup Transfers
 46. Hold Transfers
 47. Recovery Transfers
 48. Removal Transfers
 49. Report TCCS
 50. Report RSKM
 51. Unconstrained Paths
 52. TimeQuest Timing Analyzer Messages



----------------
; Legal Notice ;
----------------
Copyright (C) 1991-2013 Altera Corporation
Your use of Altera Corporation's design tools, logic functions 
and other software and tools, and its AMPP partner logic 
functions, and any output files from any of the foregoing 
(including device programming or simulation files), and any 
associated documentation or information are expressly subject 
to the terms and conditions of the Altera Program License 
Subscription Agreement, Altera MegaCore Function License 
Agreement, or other applicable license agreement, including, 
without limitation, that your use is for the sole purpose of 
programming logic devices manufactured by Altera and sold by 
Altera or its authorized distributors.  Please refer to the 
applicable agreement for further details.



+----------------------------------------------------------------------------------------+
; TimeQuest Timing Analyzer Summary                                                      ;
+--------------------+-------------------------------------------------------------------+
; Quartus II Version ; Version 13.0.1 Build 232 06/12/2013 Service Pack 1 SJ Web Edition ;
; Revision Name      ; kit_single_cycle                                                  ;
; Device Family      ; Cyclone II                                                        ;
; Device Name        ; EP2C35F672C6                                                      ;
; Timing Models      ; Final                                                             ;
; Delay Model        ; Combined                                                          ;
; Rise/Fall Delays   ; Unavailable                                                       ;
+--------------------+-------------------------------------------------------------------+


Parallel compilation was disabled, but you have multiple processors available. Enable parallel compilation to reduce compilation time.
+-------------------------------------+
; Parallel Compilation                ;
+----------------------------+--------+
; Processors                 ; Number ;
+----------------------------+--------+
; Number detected on machine ; 8      ;
; Maximum allowed            ; 1      ;
+----------------------------+--------+


+-------------------------------------------------------------------------------------------------------------------------------------------------------------------------------------+
; Clocks                                                                                                                                                                              ;
+------------+------+--------+------------+-------+-------+------------+-----------+-------------+-------+--------+-----------+------------+----------+--------+--------+-------------+
; Clock Name ; Type ; Period ; Frequency  ; Rise  ; Fall  ; Duty Cycle ; Divide by ; Multiply by ; Phase ; Offset ; Edge List ; Edge Shift ; Inverted ; Master ; Source ; Targets     ;
+------------+------+--------+------------+-------+-------+------------+-----------+-------------+-------+--------+-----------+------------+----------+--------+--------+-------------+
; i_clk      ; Base ; 1.000  ; 1000.0 MHz ; 0.000 ; 0.500 ;            ;           ;             ;       ;        ;           ;            ;          ;        ;        ; { i_clk }   ;
; i_reset    ; Base ; 1.000  ; 1000.0 MHz ; 0.000 ; 0.500 ;            ;           ;             ;       ;        ;           ;            ;          ;        ;        ; { i_reset } ;
+------------+------+--------+------------+-------+-------+------------+-----------+-------------+-------+--------+-----------+------------+----------+--------+--------+-------------+


+-------------------------------------------------+
; Slow Model Fmax Summary                         ;
+-----------+-----------------+------------+------+
; Fmax      ; Restricted Fmax ; Clock Name ; Note ;
+-----------+-----------------+------------+------+
; 26.24 MHz ; 26.24 MHz       ; i_clk      ;      ;
+-----------+-----------------+------------+------+
This panel reports FMAX for every clock in the design, regardless of the user-specified clock periods.  FMAX is only computed for paths where the source and destination registers or ports are driven by the same clock.  Paths of different clocks, including generated clocks, are ignored.  For paths between a clock and its inversion, FMAX is computed as if the rising and falling edges are scaled along with FMAX, such that the duty cycle (in terms of a percentage) is maintained. Altera recommends that you always use clock constraints and other slack reports for sign-off analysis.


+-----------------------------------+
; Slow Model Setup Summary          ;
+---------+---------+---------------+
; Clock   ; Slack   ; End Point TNS ;
+---------+---------+---------------+
; i_clk   ; -37.111 ; -590159.134   ;
; i_reset ; -2.362  ; -2.362        ;
+---------+---------+---------------+


+---------------------------------+
; Slow Model Hold Summary         ;
+---------+-------+---------------+
; Clock   ; Slack ; End Point TNS ;
+---------+-------+---------------+
; i_clk   ; 0.391 ; 0.000         ;
; i_reset ; 1.528 ; 0.000         ;
+---------+-------+---------------+


+--------------------------------+
; Slow Model Recovery Summary    ;
+-------+--------+---------------+
; Clock ; Slack  ; End Point TNS ;
+-------+--------+---------------+
; i_clk ; -3.853 ; -26509.846    ;
+-------+--------+---------------+


+-------------------------------+
; Slow Model Removal Summary    ;
+-------+-------+---------------+
; Clock ; Slack ; End Point TNS ;
+-------+-------+---------------+
; i_clk ; 0.044 ; 0.000         ;
+-------+-------+---------------+


+----------------------------------------+
; Slow Model Minimum Pulse Width Summary ;
+---------+--------+---------------------+
; Clock   ; Slack  ; End Point TNS       ;
+---------+--------+---------------------+
; i_clk   ; -1.380 ; -17634.380          ;
; i_reset ; -1.222 ; -1.222              ;
+---------+--------+---------------------+


+--------------------------------------------------------------------------------------------------------------------------------------------------------+
; Slow Model Setup: 'i_clk'                                                                                                                              ;
+---------+----------------------------+-------------------------------------------+--------------+-------------+--------------+------------+------------+
; Slack   ; From Node                  ; To Node                                   ; Launch Clock ; Latch Clock ; Relationship ; Clock Skew ; Data Delay ;
+---------+----------------------------+-------------------------------------------+--------------+-------------+--------------+------------+------------+
; -37.111 ; pc:pc_top|o_pc_data_out[3] ; lsu:lsu_top|datamem:mem|data_mem[219][17] ; i_clk        ; i_clk       ; 1.000        ; 0.004      ; 38.151     ;
; -37.085 ; pc:pc_top|o_pc_data_out[2] ; lsu:lsu_top|datamem:mem|data_mem[219][17] ; i_clk        ; i_clk       ; 1.000        ; 0.004      ; 38.125     ;
; -37.066 ; pc:pc_top|o_pc_data_out[3] ; regfile:regfile_top|Reg[3][19]            ; i_clk        ; i_clk       ; 1.000        ; 0.019      ; 38.121     ;
; -37.040 ; pc:pc_top|o_pc_data_out[2] ; regfile:regfile_top|Reg[3][19]            ; i_clk        ; i_clk       ; 1.000        ; 0.019      ; 38.095     ;
; -37.035 ; pc:pc_top|o_pc_data_out[3] ; lsu:lsu_top|datamem:mem|data_mem[181][16] ; i_clk        ; i_clk       ; 1.000        ; 0.006      ; 38.077     ;
; -37.009 ; pc:pc_top|o_pc_data_out[2] ; lsu:lsu_top|datamem:mem|data_mem[181][16] ; i_clk        ; i_clk       ; 1.000        ; 0.006      ; 38.051     ;
; -37.005 ; pc:pc_top|o_pc_data_out[3] ; lsu:lsu_top|datamem:mem|data_mem[138][7]  ; i_clk        ; i_clk       ; 1.000        ; 0.013      ; 38.054     ;
; -36.979 ; pc:pc_top|o_pc_data_out[2] ; lsu:lsu_top|datamem:mem|data_mem[138][7]  ; i_clk        ; i_clk       ; 1.000        ; 0.013      ; 38.028     ;
; -36.947 ; pc:pc_top|o_pc_data_out[5] ; lsu:lsu_top|datamem:mem|data_mem[219][17] ; i_clk        ; i_clk       ; 1.000        ; -0.005     ; 37.978     ;
; -36.902 ; pc:pc_top|o_pc_data_out[5] ; regfile:regfile_top|Reg[3][19]            ; i_clk        ; i_clk       ; 1.000        ; 0.010      ; 37.948     ;
; -36.871 ; pc:pc_top|o_pc_data_out[5] ; lsu:lsu_top|datamem:mem|data_mem[181][16] ; i_clk        ; i_clk       ; 1.000        ; -0.003     ; 37.904     ;
; -36.841 ; pc:pc_top|o_pc_data_out[5] ; lsu:lsu_top|datamem:mem|data_mem[138][7]  ; i_clk        ; i_clk       ; 1.000        ; 0.004      ; 37.881     ;
; -36.765 ; pc:pc_top|o_pc_data_out[8] ; lsu:lsu_top|datamem:mem|data_mem[219][17] ; i_clk        ; i_clk       ; 1.000        ; 0.003      ; 37.804     ;
; -36.745 ; pc:pc_top|o_pc_data_out[4] ; lsu:lsu_top|datamem:mem|data_mem[219][17] ; i_clk        ; i_clk       ; 1.000        ; -0.005     ; 37.776     ;
; -36.720 ; pc:pc_top|o_pc_data_out[8] ; regfile:regfile_top|Reg[3][19]            ; i_clk        ; i_clk       ; 1.000        ; 0.018      ; 37.774     ;
; -36.711 ; pc:pc_top|o_pc_data_out[3] ; lsu:lsu_top|datamem:mem|data_mem[306][26] ; i_clk        ; i_clk       ; 1.000        ; 0.030      ; 37.777     ;
; -36.705 ; pc:pc_top|o_pc_data_out[3] ; lsu:lsu_top|datamem:mem|data_mem[370][26] ; i_clk        ; i_clk       ; 1.000        ; 0.030      ; 37.771     ;
; -36.700 ; pc:pc_top|o_pc_data_out[4] ; regfile:regfile_top|Reg[3][19]            ; i_clk        ; i_clk       ; 1.000        ; 0.010      ; 37.746     ;
; -36.689 ; pc:pc_top|o_pc_data_out[8] ; lsu:lsu_top|datamem:mem|data_mem[181][16] ; i_clk        ; i_clk       ; 1.000        ; 0.005      ; 37.730     ;
; -36.685 ; pc:pc_top|o_pc_data_out[2] ; lsu:lsu_top|datamem:mem|data_mem[306][26] ; i_clk        ; i_clk       ; 1.000        ; 0.030      ; 37.751     ;
; -36.679 ; pc:pc_top|o_pc_data_out[2] ; lsu:lsu_top|datamem:mem|data_mem[370][26] ; i_clk        ; i_clk       ; 1.000        ; 0.030      ; 37.745     ;
; -36.669 ; pc:pc_top|o_pc_data_out[4] ; lsu:lsu_top|datamem:mem|data_mem[181][16] ; i_clk        ; i_clk       ; 1.000        ; -0.003     ; 37.702     ;
; -36.659 ; pc:pc_top|o_pc_data_out[8] ; lsu:lsu_top|datamem:mem|data_mem[138][7]  ; i_clk        ; i_clk       ; 1.000        ; 0.012      ; 37.707     ;
; -36.639 ; pc:pc_top|o_pc_data_out[4] ; lsu:lsu_top|datamem:mem|data_mem[138][7]  ; i_clk        ; i_clk       ; 1.000        ; 0.004      ; 37.679     ;
; -36.547 ; pc:pc_top|o_pc_data_out[7] ; lsu:lsu_top|datamem:mem|data_mem[219][17] ; i_clk        ; i_clk       ; 1.000        ; -0.004     ; 37.579     ;
; -36.547 ; pc:pc_top|o_pc_data_out[5] ; lsu:lsu_top|datamem:mem|data_mem[306][26] ; i_clk        ; i_clk       ; 1.000        ; 0.021      ; 37.604     ;
; -36.541 ; pc:pc_top|o_pc_data_out[5] ; lsu:lsu_top|datamem:mem|data_mem[370][26] ; i_clk        ; i_clk       ; 1.000        ; 0.021      ; 37.598     ;
; -36.534 ; pc:pc_top|o_pc_data_out[3] ; lsu:lsu_top|datamem:mem|data_mem[446][3]  ; i_clk        ; i_clk       ; 1.000        ; 0.006      ; 37.576     ;
; -36.502 ; pc:pc_top|o_pc_data_out[7] ; regfile:regfile_top|Reg[3][19]            ; i_clk        ; i_clk       ; 1.000        ; 0.011      ; 37.549     ;
; -36.497 ; pc:pc_top|o_pc_data_out[3] ; regfile:regfile_top|Reg[1][19]            ; i_clk        ; i_clk       ; 1.000        ; 0.006      ; 37.539     ;
; -36.496 ; pc:pc_top|o_pc_data_out[3] ; regfile:regfile_top|Reg[2][19]            ; i_clk        ; i_clk       ; 1.000        ; 0.006      ; 37.538     ;
; -36.471 ; pc:pc_top|o_pc_data_out[7] ; lsu:lsu_top|datamem:mem|data_mem[181][16] ; i_clk        ; i_clk       ; 1.000        ; -0.002     ; 37.505     ;
; -36.471 ; pc:pc_top|o_pc_data_out[2] ; regfile:regfile_top|Reg[1][19]            ; i_clk        ; i_clk       ; 1.000        ; 0.006      ; 37.513     ;
; -36.470 ; pc:pc_top|o_pc_data_out[2] ; regfile:regfile_top|Reg[2][19]            ; i_clk        ; i_clk       ; 1.000        ; 0.006      ; 37.512     ;
; -36.441 ; pc:pc_top|o_pc_data_out[7] ; lsu:lsu_top|datamem:mem|data_mem[138][7]  ; i_clk        ; i_clk       ; 1.000        ; 0.005      ; 37.482     ;
; -36.365 ; pc:pc_top|o_pc_data_out[8] ; lsu:lsu_top|datamem:mem|data_mem[306][26] ; i_clk        ; i_clk       ; 1.000        ; 0.029      ; 37.430     ;
; -36.359 ; pc:pc_top|o_pc_data_out[8] ; lsu:lsu_top|datamem:mem|data_mem[370][26] ; i_clk        ; i_clk       ; 1.000        ; 0.029      ; 37.424     ;
; -36.345 ; pc:pc_top|o_pc_data_out[4] ; lsu:lsu_top|datamem:mem|data_mem[306][26] ; i_clk        ; i_clk       ; 1.000        ; 0.021      ; 37.402     ;
; -36.339 ; pc:pc_top|o_pc_data_out[4] ; lsu:lsu_top|datamem:mem|data_mem[370][26] ; i_clk        ; i_clk       ; 1.000        ; 0.021      ; 37.396     ;
; -36.333 ; pc:pc_top|o_pc_data_out[5] ; regfile:regfile_top|Reg[1][19]            ; i_clk        ; i_clk       ; 1.000        ; -0.003     ; 37.366     ;
; -36.332 ; pc:pc_top|o_pc_data_out[5] ; regfile:regfile_top|Reg[2][19]            ; i_clk        ; i_clk       ; 1.000        ; -0.003     ; 37.365     ;
; -36.246 ; pc:pc_top|o_pc_data_out[2] ; lsu:lsu_top|datamem:mem|data_mem[446][3]  ; i_clk        ; i_clk       ; 1.000        ; 0.006      ; 37.288     ;
; -36.213 ; pc:pc_top|o_pc_data_out[9] ; lsu:lsu_top|datamem:mem|data_mem[219][17] ; i_clk        ; i_clk       ; 1.000        ; 0.003      ; 37.252     ;
; -36.168 ; pc:pc_top|o_pc_data_out[9] ; regfile:regfile_top|Reg[3][19]            ; i_clk        ; i_clk       ; 1.000        ; 0.018      ; 37.222     ;
; -36.154 ; pc:pc_top|o_pc_data_out[6] ; lsu:lsu_top|datamem:mem|data_mem[219][17] ; i_clk        ; i_clk       ; 1.000        ; -0.011     ; 37.179     ;
; -36.151 ; pc:pc_top|o_pc_data_out[8] ; regfile:regfile_top|Reg[1][19]            ; i_clk        ; i_clk       ; 1.000        ; 0.005      ; 37.192     ;
; -36.150 ; pc:pc_top|o_pc_data_out[8] ; regfile:regfile_top|Reg[2][19]            ; i_clk        ; i_clk       ; 1.000        ; 0.005      ; 37.191     ;
; -36.147 ; pc:pc_top|o_pc_data_out[7] ; lsu:lsu_top|datamem:mem|data_mem[306][26] ; i_clk        ; i_clk       ; 1.000        ; 0.022      ; 37.205     ;
; -36.141 ; pc:pc_top|o_pc_data_out[7] ; lsu:lsu_top|datamem:mem|data_mem[370][26] ; i_clk        ; i_clk       ; 1.000        ; 0.022      ; 37.199     ;
; -36.137 ; pc:pc_top|o_pc_data_out[9] ; lsu:lsu_top|datamem:mem|data_mem[181][16] ; i_clk        ; i_clk       ; 1.000        ; 0.005      ; 37.178     ;
; -36.131 ; pc:pc_top|o_pc_data_out[4] ; regfile:regfile_top|Reg[1][19]            ; i_clk        ; i_clk       ; 1.000        ; -0.003     ; 37.164     ;
; -36.130 ; pc:pc_top|o_pc_data_out[4] ; regfile:regfile_top|Reg[2][19]            ; i_clk        ; i_clk       ; 1.000        ; -0.003     ; 37.163     ;
; -36.128 ; pc:pc_top|o_pc_data_out[3] ; lsu:lsu_top|datamem:mem|data_mem[382][0]  ; i_clk        ; i_clk       ; 1.000        ; 0.012      ; 37.176     ;
; -36.109 ; pc:pc_top|o_pc_data_out[6] ; regfile:regfile_top|Reg[3][19]            ; i_clk        ; i_clk       ; 1.000        ; 0.004      ; 37.149     ;
; -36.108 ; pc:pc_top|o_pc_data_out[5] ; lsu:lsu_top|datamem:mem|data_mem[446][3]  ; i_clk        ; i_clk       ; 1.000        ; -0.003     ; 37.141     ;
; -36.107 ; pc:pc_top|o_pc_data_out[9] ; lsu:lsu_top|datamem:mem|data_mem[138][7]  ; i_clk        ; i_clk       ; 1.000        ; 0.012      ; 37.155     ;
; -36.078 ; pc:pc_top|o_pc_data_out[6] ; lsu:lsu_top|datamem:mem|data_mem[181][16] ; i_clk        ; i_clk       ; 1.000        ; -0.009     ; 37.105     ;
; -36.048 ; pc:pc_top|o_pc_data_out[6] ; lsu:lsu_top|datamem:mem|data_mem[138][7]  ; i_clk        ; i_clk       ; 1.000        ; -0.002     ; 37.082     ;
; -35.986 ; pc:pc_top|o_pc_data_out[3] ; lsu:lsu_top|datamem:mem|data_mem[272][6]  ; i_clk        ; i_clk       ; 1.000        ; 0.033      ; 37.055     ;
; -35.986 ; pc:pc_top|o_pc_data_out[3] ; lsu:lsu_top|datamem:mem|data_mem[280][6]  ; i_clk        ; i_clk       ; 1.000        ; 0.033      ; 37.055     ;
; -35.981 ; pc:pc_top|o_pc_data_out[3] ; lsu:lsu_top|datamem:mem|data_mem[327][26] ; i_clk        ; i_clk       ; 1.000        ; 0.057      ; 37.074     ;
; -35.980 ; pc:pc_top|o_pc_data_out[2] ; lsu:lsu_top|datamem:mem|data_mem[382][0]  ; i_clk        ; i_clk       ; 1.000        ; 0.012      ; 37.028     ;
; -35.976 ; pc:pc_top|o_pc_data_out[3] ; regfile:regfile_top|Reg[28][19]           ; i_clk        ; i_clk       ; 1.000        ; -0.019     ; 36.993     ;
; -35.974 ; pc:pc_top|o_pc_data_out[3] ; regfile:regfile_top|Reg[24][19]           ; i_clk        ; i_clk       ; 1.000        ; -0.019     ; 36.991     ;
; -35.955 ; pc:pc_top|o_pc_data_out[2] ; lsu:lsu_top|datamem:mem|data_mem[327][26] ; i_clk        ; i_clk       ; 1.000        ; 0.057      ; 37.048     ;
; -35.950 ; pc:pc_top|o_pc_data_out[2] ; regfile:regfile_top|Reg[28][19]           ; i_clk        ; i_clk       ; 1.000        ; -0.019     ; 36.967     ;
; -35.948 ; pc:pc_top|o_pc_data_out[2] ; regfile:regfile_top|Reg[24][19]           ; i_clk        ; i_clk       ; 1.000        ; -0.019     ; 36.965     ;
; -35.933 ; pc:pc_top|o_pc_data_out[7] ; regfile:regfile_top|Reg[1][19]            ; i_clk        ; i_clk       ; 1.000        ; -0.002     ; 36.967     ;
; -35.932 ; pc:pc_top|o_pc_data_out[7] ; regfile:regfile_top|Reg[2][19]            ; i_clk        ; i_clk       ; 1.000        ; -0.002     ; 36.966     ;
; -35.928 ; pc:pc_top|o_pc_data_out[3] ; lsu:lsu_top|datamem:mem|data_mem[132][24] ; i_clk        ; i_clk       ; 1.000        ; 0.017      ; 36.981     ;
; -35.926 ; pc:pc_top|o_pc_data_out[8] ; lsu:lsu_top|datamem:mem|data_mem[446][3]  ; i_clk        ; i_clk       ; 1.000        ; 0.005      ; 36.967     ;
; -35.917 ; pc:pc_top|o_pc_data_out[3] ; lsu:lsu_top|datamem:mem|data_mem[244][24] ; i_clk        ; i_clk       ; 1.000        ; 0.006      ; 36.959     ;
; -35.916 ; pc:pc_top|o_pc_data_out[3] ; lsu:lsu_top|datamem:mem|data_mem[253][20] ; i_clk        ; i_clk       ; 1.000        ; 0.045      ; 36.997     ;
; -35.906 ; pc:pc_top|o_pc_data_out[4] ; lsu:lsu_top|datamem:mem|data_mem[446][3]  ; i_clk        ; i_clk       ; 1.000        ; -0.003     ; 36.939     ;
; -35.902 ; pc:pc_top|o_pc_data_out[2] ; lsu:lsu_top|datamem:mem|data_mem[132][24] ; i_clk        ; i_clk       ; 1.000        ; 0.017      ; 36.955     ;
; -35.891 ; pc:pc_top|o_pc_data_out[2] ; lsu:lsu_top|datamem:mem|data_mem[244][24] ; i_clk        ; i_clk       ; 1.000        ; 0.006      ; 36.933     ;
; -35.890 ; pc:pc_top|o_pc_data_out[2] ; lsu:lsu_top|datamem:mem|data_mem[253][20] ; i_clk        ; i_clk       ; 1.000        ; 0.045      ; 36.971     ;
; -35.886 ; pc:pc_top|o_pc_data_out[3] ; lsu:lsu_top|datamem:mem|data_mem[1][26]   ; i_clk        ; i_clk       ; 1.000        ; 0.044      ; 36.966     ;
; -35.862 ; pc:pc_top|o_pc_data_out[3] ; lsu:lsu_top|datamem:mem|data_mem[5][26]   ; i_clk        ; i_clk       ; 1.000        ; 0.039      ; 36.937     ;
; -35.860 ; pc:pc_top|o_pc_data_out[2] ; lsu:lsu_top|datamem:mem|data_mem[1][26]   ; i_clk        ; i_clk       ; 1.000        ; 0.044      ; 36.940     ;
; -35.853 ; pc:pc_top|o_pc_data_out[3] ; lsu:lsu_top|datamem:mem|data_mem[22][26]  ; i_clk        ; i_clk       ; 1.000        ; 0.043      ; 36.932     ;
; -35.842 ; pc:pc_top|o_pc_data_out[5] ; lsu:lsu_top|datamem:mem|data_mem[382][0]  ; i_clk        ; i_clk       ; 1.000        ; 0.003      ; 36.881     ;
; -35.840 ; pc:pc_top|o_pc_data_out[3] ; lsu:lsu_top|datamem:mem|data_mem[18][26]  ; i_clk        ; i_clk       ; 1.000        ; 0.025      ; 36.901     ;
; -35.837 ; pc:pc_top|o_pc_data_out[3] ; lsu:lsu_top|datamem:mem|data_mem[207][20] ; i_clk        ; i_clk       ; 1.000        ; 0.040      ; 36.913     ;
; -35.836 ; pc:pc_top|o_pc_data_out[2] ; lsu:lsu_top|datamem:mem|data_mem[5][26]   ; i_clk        ; i_clk       ; 1.000        ; 0.039      ; 36.911     ;
; -35.827 ; pc:pc_top|o_pc_data_out[2] ; lsu:lsu_top|datamem:mem|data_mem[22][26]  ; i_clk        ; i_clk       ; 1.000        ; 0.043      ; 36.906     ;
; -35.817 ; pc:pc_top|o_pc_data_out[5] ; lsu:lsu_top|datamem:mem|data_mem[327][26] ; i_clk        ; i_clk       ; 1.000        ; 0.048      ; 36.901     ;
; -35.814 ; pc:pc_top|o_pc_data_out[2] ; lsu:lsu_top|datamem:mem|data_mem[18][26]  ; i_clk        ; i_clk       ; 1.000        ; 0.025      ; 36.875     ;
; -35.813 ; pc:pc_top|o_pc_data_out[3] ; lsu:lsu_top|datamem:mem|data_mem[158][20] ; i_clk        ; i_clk       ; 1.000        ; 0.032      ; 36.881     ;
; -35.813 ; pc:pc_top|o_pc_data_out[9] ; lsu:lsu_top|datamem:mem|data_mem[306][26] ; i_clk        ; i_clk       ; 1.000        ; 0.029      ; 36.878     ;
; -35.812 ; pc:pc_top|o_pc_data_out[5] ; regfile:regfile_top|Reg[28][19]           ; i_clk        ; i_clk       ; 1.000        ; -0.028     ; 36.820     ;
; -35.811 ; pc:pc_top|o_pc_data_out[3] ; lsu:lsu_top|datamem:mem|data_mem[156][20] ; i_clk        ; i_clk       ; 1.000        ; 0.032      ; 36.879     ;
; -35.811 ; pc:pc_top|o_pc_data_out[2] ; lsu:lsu_top|datamem:mem|data_mem[207][20] ; i_clk        ; i_clk       ; 1.000        ; 0.040      ; 36.887     ;
; -35.810 ; pc:pc_top|o_pc_data_out[5] ; regfile:regfile_top|Reg[24][19]           ; i_clk        ; i_clk       ; 1.000        ; -0.028     ; 36.818     ;
; -35.807 ; pc:pc_top|o_pc_data_out[9] ; lsu:lsu_top|datamem:mem|data_mem[370][26] ; i_clk        ; i_clk       ; 1.000        ; 0.029      ; 36.872     ;
; -35.802 ; pc:pc_top|o_pc_data_out[3] ; lsu:lsu_top|datamem:mem|data_mem[259][26] ; i_clk        ; i_clk       ; 1.000        ; 0.056      ; 36.894     ;
; -35.795 ; pc:pc_top|o_pc_data_out[3] ; lsu:lsu_top|datamem:mem|data_mem[375][16] ; i_clk        ; i_clk       ; 1.000        ; 0.009      ; 36.840     ;
; -35.787 ; pc:pc_top|o_pc_data_out[3] ; lsu:lsu_top|datamem:mem|data_mem[257][14] ; i_clk        ; i_clk       ; 1.000        ; 0.025      ; 36.848     ;
; -35.787 ; pc:pc_top|o_pc_data_out[2] ; lsu:lsu_top|datamem:mem|data_mem[158][20] ; i_clk        ; i_clk       ; 1.000        ; 0.032      ; 36.855     ;
; -35.785 ; pc:pc_top|o_pc_data_out[2] ; lsu:lsu_top|datamem:mem|data_mem[156][20] ; i_clk        ; i_clk       ; 1.000        ; 0.032      ; 36.853     ;
+---------+----------------------------+-------------------------------------------+--------------+-------------+--------------+------------+------------+


+---------------------------------------------------------------------------------------------------------------------------+
; Slow Model Setup: 'i_reset'                                                                                               ;
+--------+-----------------------------+--------------+--------------+-------------+--------------+------------+------------+
; Slack  ; From Node                   ; To Node      ; Launch Clock ; Latch Clock ; Relationship ; Clock Skew ; Data Delay ;
+--------+-----------------------------+--------------+--------------+-------------+--------------+------------+------------+
; -2.362 ; pc:pc_top|o_pc_data_out[10] ; o_inst_vld~1 ; i_clk        ; i_reset     ; 0.500        ; 2.011      ; 3.891      ;
; -2.284 ; pc:pc_top|o_pc_data_out[2]  ; o_inst_vld~1 ; i_clk        ; i_reset     ; 0.500        ; 2.011      ; 3.813      ;
; -2.138 ; pc:pc_top|o_pc_data_out[3]  ; o_inst_vld~1 ; i_clk        ; i_reset     ; 0.500        ; 2.011      ; 3.667      ;
; -1.967 ; pc:pc_top|o_pc_data_out[11] ; o_inst_vld~1 ; i_clk        ; i_reset     ; 0.500        ; 2.011      ; 3.496      ;
; -1.963 ; pc:pc_top|o_pc_data_out[6]  ; o_inst_vld~1 ; i_clk        ; i_reset     ; 0.500        ; 1.996      ; 3.477      ;
; -1.961 ; pc:pc_top|o_pc_data_out[8]  ; o_inst_vld~1 ; i_clk        ; i_reset     ; 0.500        ; 2.010      ; 3.489      ;
; -1.921 ; pc:pc_top|o_pc_data_out[7]  ; o_inst_vld~1 ; i_clk        ; i_reset     ; 0.500        ; 2.003      ; 3.442      ;
; -1.913 ; pc:pc_top|o_pc_data_out[13] ; o_inst_vld~1 ; i_clk        ; i_reset     ; 0.500        ; 2.011      ; 3.442      ;
; -1.886 ; pc:pc_top|o_pc_data_out[4]  ; o_inst_vld~1 ; i_clk        ; i_reset     ; 0.500        ; 2.002      ; 3.406      ;
; -1.838 ; pc:pc_top|o_pc_data_out[5]  ; o_inst_vld~1 ; i_clk        ; i_reset     ; 0.500        ; 2.002      ; 3.358      ;
; -1.629 ; pc:pc_top|o_pc_data_out[9]  ; o_inst_vld~1 ; i_clk        ; i_reset     ; 0.500        ; 2.010      ; 3.157      ;
; -1.510 ; pc:pc_top|o_pc_data_out[12] ; o_inst_vld~1 ; i_clk        ; i_reset     ; 0.500        ; 2.011      ; 3.039      ;
+--------+-----------------------------+--------------+--------------+-------------+--------------+------------+------------+


+-----------------------------------------------------------------------------------------------------------------------------------------------------------------------------------------+
; Slow Model Hold: 'i_clk'                                                                                                                                                                ;
+-------+-----------------------------------------------------+-----------------------------------------------------+--------------+-------------+--------------+------------+------------+
; Slack ; From Node                                           ; To Node                                             ; Launch Clock ; Latch Clock ; Relationship ; Clock Skew ; Data Delay ;
+-------+-----------------------------------------------------+-----------------------------------------------------+--------------+-------------+--------------+------------+------------+
; 0.391 ; pc:pc_top|o_pc_data_out[14]                         ; pc:pc_top|o_pc_data_out[14]                         ; i_clk        ; i_clk       ; 0.000        ; 0.000      ; 0.657      ;
; 0.391 ; pc:pc_top|o_pc_data_out[23]                         ; pc:pc_top|o_pc_data_out[23]                         ; i_clk        ; i_clk       ; 0.000        ; 0.000      ; 0.657      ;
; 0.391 ; pc:pc_top|o_pc_data_out[17]                         ; pc:pc_top|o_pc_data_out[17]                         ; i_clk        ; i_clk       ; 0.000        ; 0.000      ; 0.657      ;
; 0.391 ; pc:pc_top|o_pc_data_out[20]                         ; pc:pc_top|o_pc_data_out[20]                         ; i_clk        ; i_clk       ; 0.000        ; 0.000      ; 0.657      ;
; 0.391 ; pc:pc_top|o_pc_data_out[26]                         ; pc:pc_top|o_pc_data_out[26]                         ; i_clk        ; i_clk       ; 0.000        ; 0.000      ; 0.657      ;
; 0.391 ; pc:pc_top|o_pc_data_out[29]                         ; pc:pc_top|o_pc_data_out[29]                         ; i_clk        ; i_clk       ; 0.000        ; 0.000      ; 0.657      ;
; 0.533 ; pc:pc_top|o_pc_data_out[18]                         ; o_pc_debug[18]~reg0                                 ; i_clk        ; i_clk       ; 0.000        ; 0.000      ; 0.799      ;
; 0.535 ; pc:pc_top|o_pc_data_out[24]                         ; o_pc_debug[24]~reg0                                 ; i_clk        ; i_clk       ; 0.000        ; 0.000      ; 0.801      ;
; 0.542 ; pc:pc_top|o_pc_data_out[29]                         ; o_pc_debug[29]~reg0                                 ; i_clk        ; i_clk       ; 0.000        ; 0.000      ; 0.808      ;
; 0.544 ; pc:pc_top|o_pc_data_out[14]                         ; o_pc_debug[14]~reg0                                 ; i_clk        ; i_clk       ; 0.000        ; 0.000      ; 0.810      ;
; 0.552 ; pc:pc_top|o_pc_data_out[19]                         ; o_pc_debug[19]~reg0                                 ; i_clk        ; i_clk       ; 0.000        ; 0.000      ; 0.818      ;
; 0.562 ; pc:pc_top|o_pc_data_out[17]                         ; o_pc_debug[17]~reg0                                 ; i_clk        ; i_clk       ; 0.000        ; 0.000      ; 0.828      ;
; 0.674 ; pc:pc_top|o_pc_data_out[1]                          ; o_pc_debug[1]~reg0                                  ; i_clk        ; i_clk       ; 0.000        ; 0.000      ; 0.940      ;
; 0.675 ; pc:pc_top|o_pc_data_out[0]                          ; o_pc_debug[0]~reg0                                  ; i_clk        ; i_clk       ; 0.000        ; 0.000      ; 0.941      ;
; 0.857 ; pc:pc_top|o_pc_data_out[22]                         ; o_pc_debug[22]~reg0                                 ; i_clk        ; i_clk       ; 0.000        ; 0.000      ; 1.123      ;
; 0.863 ; pc:pc_top|o_pc_data_out[20]                         ; o_pc_debug[20]~reg0                                 ; i_clk        ; i_clk       ; 0.000        ; 0.000      ; 1.129      ;
; 0.867 ; pc:pc_top|o_pc_data_out[27]                         ; o_pc_debug[27]~reg0                                 ; i_clk        ; i_clk       ; 0.000        ; 0.000      ; 1.133      ;
; 0.933 ; pc:pc_top|o_pc_data_out[6]                          ; o_pc_debug[6]~reg0                                  ; i_clk        ; i_clk       ; 0.000        ; -0.001     ; 1.198      ;
; 1.019 ; pc:pc_top|o_pc_data_out[21]                         ; o_pc_debug[21]~reg0                                 ; i_clk        ; i_clk       ; 0.000        ; -0.003     ; 1.282      ;
; 1.078 ; pc:pc_top|o_pc_data_out[5]                          ; pc:pc_top|o_pc_data_out[5]                          ; i_clk        ; i_clk       ; 0.000        ; 0.000      ; 1.344      ;
; 1.089 ; pc:pc_top|o_pc_data_out[17]                         ; pc:pc_top|o_pc_data_out[18]                         ; i_clk        ; i_clk       ; 0.000        ; 0.000      ; 1.355      ;
; 1.089 ; pc:pc_top|o_pc_data_out[17]                         ; pc:pc_top|o_pc_data_out[19]                         ; i_clk        ; i_clk       ; 0.000        ; 0.000      ; 1.355      ;
; 1.237 ; pc:pc_top|o_pc_data_out[20]                         ; pc:pc_top|o_pc_data_out[21]                         ; i_clk        ; i_clk       ; 0.000        ; 0.000      ; 1.503      ;
; 1.320 ; lsu:lsu_top|output_buffer:outputperiph|MEMBF[4][5]  ; lsu:lsu_top|output_buffer:outputperiph|MEMBF[4][5]  ; i_clk        ; i_clk       ; 0.000        ; 0.000      ; 1.586      ;
; 1.340 ; pc:pc_top|o_pc_data_out[18]                         ; pc:pc_top|o_pc_data_out[18]                         ; i_clk        ; i_clk       ; 0.000        ; 0.000      ; 1.606      ;
; 1.348 ; pc:pc_top|o_pc_data_out[19]                         ; pc:pc_top|o_pc_data_out[19]                         ; i_clk        ; i_clk       ; 0.000        ; 0.000      ; 1.614      ;
; 1.368 ; pc:pc_top|o_pc_data_out[4]                          ; pc:pc_top|o_pc_data_out[5]                          ; i_clk        ; i_clk       ; 0.000        ; 0.000      ; 1.634      ;
; 1.391 ; pc:pc_top|o_pc_data_out[18]                         ; pc:pc_top|o_pc_data_out[19]                         ; i_clk        ; i_clk       ; 0.000        ; 0.000      ; 1.657      ;
; 1.429 ; pc:pc_top|o_pc_data_out[22]                         ; pc:pc_top|o_pc_data_out[22]                         ; i_clk        ; i_clk       ; 0.000        ; 0.000      ; 1.695      ;
; 1.459 ; lsu:lsu_top|output_buffer:outputperiph|MEMBF[4][7]  ; lsu:lsu_top|output_buffer:outputperiph|MEMBF[2][7]  ; i_clk        ; i_clk       ; 0.000        ; 0.000      ; 1.725      ;
; 1.529 ; pc:pc_top|o_pc_data_out[30]                         ; o_pc_debug[30]~reg0                                 ; i_clk        ; i_clk       ; 0.000        ; -0.019     ; 1.776      ;
; 1.559 ; pc:pc_top|o_pc_data_out[21]                         ; pc:pc_top|o_pc_data_out[21]                         ; i_clk        ; i_clk       ; 0.000        ; 0.000      ; 1.825      ;
; 1.572 ; pc:pc_top|o_pc_data_out[27]                         ; pc:pc_top|o_pc_data_out[27]                         ; i_clk        ; i_clk       ; 0.000        ; 0.000      ; 1.838      ;
; 1.595 ; lsu:lsu_top|output_buffer:outputperiph|MEMBF[4][23] ; lsu:lsu_top|output_buffer:outputperiph|MEMBF[2][7]  ; i_clk        ; i_clk       ; 0.000        ; 0.000      ; 1.861      ;
; 1.634 ; lsu:lsu_top|output_buffer:outputperiph|MEMBF[4][29] ; lsu:lsu_top|output_buffer:outputperiph|MEMBF[1][29] ; i_clk        ; i_clk       ; 0.000        ; 0.000      ; 1.900      ;
; 1.645 ; pc:pc_top|o_pc_data_out[5]                          ; o_pc_debug[5]~reg0                                  ; i_clk        ; i_clk       ; 0.000        ; 0.018      ; 1.929      ;
; 1.651 ; pc:pc_top|o_pc_data_out[31]                         ; o_pc_debug[31]~reg0                                 ; i_clk        ; i_clk       ; 0.000        ; 0.011      ; 1.928      ;
; 1.659 ; pc:pc_top|o_pc_data_out[25]                         ; o_pc_debug[25]~reg0                                 ; i_clk        ; i_clk       ; 0.000        ; -0.002     ; 1.923      ;
; 1.697 ; lsu:lsu_top|INPUT[11]                               ; regfile:regfile_top|Reg[29][11]                     ; i_clk        ; i_clk       ; 0.000        ; 0.000      ; 1.963      ;
; 1.712 ; pc:pc_top|o_pc_data_out[27]                         ; regfile:regfile_top|Reg[7][27]                      ; i_clk        ; i_clk       ; 0.000        ; 0.000      ; 1.978      ;
; 1.715 ; lsu:lsu_top|INPUT[16]                               ; regfile:regfile_top|Reg[25][16]                     ; i_clk        ; i_clk       ; 0.000        ; 0.000      ; 1.981      ;
; 1.721 ; pc:pc_top|o_pc_data_out[13]                         ; o_pc_debug[13]~reg0                                 ; i_clk        ; i_clk       ; 0.000        ; 0.027      ; 2.014      ;
; 1.724 ; lsu:lsu_top|output_buffer:outputperiph|MEMBF[4][6]  ; lsu:lsu_top|output_buffer:outputperiph|MEMBF[4][6]  ; i_clk        ; i_clk       ; 0.000        ; 0.000      ; 1.990      ;
; 1.744 ; pc:pc_top|o_pc_data_out[21]                         ; pc:pc_top|o_pc_data_out[22]                         ; i_clk        ; i_clk       ; 0.000        ; 0.000      ; 2.010      ;
; 1.751 ; pc:pc_top|o_pc_data_out[20]                         ; pc:pc_top|o_pc_data_out[22]                         ; i_clk        ; i_clk       ; 0.000        ; 0.000      ; 2.017      ;
; 1.754 ; lsu:lsu_top|INPUT[7]                                ; regfile:regfile_top|Reg[15][7]                      ; i_clk        ; i_clk       ; 0.000        ; 0.000      ; 2.020      ;
; 1.787 ; lsu:lsu_top|INPUT[27]                               ; regfile:regfile_top|Reg[7][27]                      ; i_clk        ; i_clk       ; 0.000        ; 0.000      ; 2.053      ;
; 1.880 ; pc:pc_top|o_pc_data_out[23]                         ; o_pc_debug[23]~reg0                                 ; i_clk        ; i_clk       ; 0.000        ; 0.000      ; 2.146      ;
; 1.911 ; pc:pc_top|o_pc_data_out[9]                          ; o_pc_debug[9]~reg0                                  ; i_clk        ; i_clk       ; 0.000        ; 0.029      ; 2.206      ;
; 1.926 ; lsu:lsu_top|INPUT[16]                               ; regfile:regfile_top|Reg[31][16]                     ; i_clk        ; i_clk       ; 0.000        ; -0.001     ; 2.191      ;
; 1.928 ; lsu:lsu_top|output_buffer:outputperiph|MEMBF[4][5]  ; lsu:lsu_top|output_buffer:outputperiph|MEMBF[3][5]  ; i_clk        ; i_clk       ; 0.000        ; 0.000      ; 2.194      ;
; 1.969 ; pc:pc_top|o_pc_data_out[23]                         ; pc:pc_top|o_pc_data_out[24]                         ; i_clk        ; i_clk       ; 0.000        ; -0.002     ; 2.233      ;
; 1.990 ; lsu:lsu_top|output_buffer:outputperiph|MEMBF[4][17] ; lsu:lsu_top|output_buffer:outputperiph|MEMBF[4][17] ; i_clk        ; i_clk       ; 0.000        ; 0.000      ; 2.256      ;
; 2.007 ; lsu:lsu_top|output_buffer:outputperiph|MEMBF[4][7]  ; lsu:lsu_top|output_buffer:outputperiph|MEMBF[4][7]  ; i_clk        ; i_clk       ; 0.000        ; 0.000      ; 2.273      ;
; 2.013 ; pc:pc_top|o_pc_data_out[29]                         ; pc:pc_top|o_pc_data_out[31]                         ; i_clk        ; i_clk       ; 0.000        ; 0.019      ; 2.298      ;
; 2.018 ; pc:pc_top|o_pc_data_out[22]                         ; regfile:regfile_top|Reg[25][22]                     ; i_clk        ; i_clk       ; 0.000        ; -0.012     ; 2.272      ;
; 2.043 ; lsu:lsu_top|INPUT[3]                                ; regfile:regfile_top|Reg[15][3]                      ; i_clk        ; i_clk       ; 0.000        ; -0.004     ; 2.305      ;
; 2.078 ; i_reset                                             ; regfile:regfile_top|Reg[15][7]                      ; i_reset      ; i_clk       ; 0.000        ; 2.634      ; 4.978      ;
; 2.082 ; lsu:lsu_top|INPUT[15]                               ; regfile:regfile_top|Reg[21][15]                     ; i_clk        ; i_clk       ; 0.000        ; 0.000      ; 2.348      ;
; 2.094 ; pc:pc_top|o_pc_data_out[2]                          ; pc:pc_top|o_pc_data_out[3]                          ; i_clk        ; i_clk       ; 0.000        ; 0.000      ; 2.360      ;
; 2.128 ; pc:pc_top|o_pc_data_out[7]                          ; o_pc_debug[7]~reg0                                  ; i_clk        ; i_clk       ; 0.000        ; 0.017      ; 2.411      ;
; 2.141 ; lsu:lsu_top|output_buffer:outputperiph|MEMBF[4][5]  ; lsu:lsu_top|output_buffer:outputperiph|MEMBF[0][5]  ; i_clk        ; i_clk       ; 0.000        ; -0.003     ; 2.404      ;
; 2.143 ; lsu:lsu_top|output_buffer:outputperiph|MEMBF[4][23] ; lsu:lsu_top|output_buffer:outputperiph|MEMBF[4][7]  ; i_clk        ; i_clk       ; 0.000        ; 0.000      ; 2.409      ;
; 2.152 ; lsu:lsu_top|INPUT[16]                               ; regfile:regfile_top|Reg[29][16]                     ; i_clk        ; i_clk       ; 0.000        ; 0.004      ; 2.422      ;
; 2.155 ; lsu:lsu_top|output_buffer:outputperiph|MEMBF[4][31] ; lsu:lsu_top|output_buffer:outputperiph|MEMBF[4][25] ; i_clk        ; i_clk       ; 0.000        ; -0.001     ; 2.420      ;
; 2.188 ; pc:pc_top|o_pc_data_out[4]                          ; o_pc_debug[4]~reg0                                  ; i_clk        ; i_clk       ; 0.000        ; 0.021      ; 2.475      ;
; 2.224 ; i_reset                                             ; regfile:regfile_top|Reg[25][18]                     ; i_reset      ; i_clk       ; 0.000        ; 2.606      ; 5.096      ;
; 2.281 ; pc:pc_top|o_pc_data_out[17]                         ; pc:pc_top|o_pc_data_out[20]                         ; i_clk        ; i_clk       ; 0.000        ; 0.000      ; 2.547      ;
; 2.304 ; lsu:lsu_top|INPUT[17]                               ; regfile:regfile_top|Reg[21][17]                     ; i_clk        ; i_clk       ; 0.000        ; 0.001      ; 2.571      ;
; 2.315 ; pc:pc_top|o_pc_data_out[27]                         ; regfile:regfile_top|Reg[21][27]                     ; i_clk        ; i_clk       ; 0.000        ; 0.001      ; 2.582      ;
; 2.332 ; pc:pc_top|o_pc_data_out[29]                         ; regfile:regfile_top|Reg[25][31]                     ; i_clk        ; i_clk       ; 0.000        ; 0.021      ; 2.619      ;
; 2.333 ; pc:pc_top|o_pc_data_out[21]                         ; regfile:regfile_top|Reg[25][22]                     ; i_clk        ; i_clk       ; 0.000        ; -0.012     ; 2.587      ;
; 2.340 ; pc:pc_top|o_pc_data_out[20]                         ; regfile:regfile_top|Reg[25][22]                     ; i_clk        ; i_clk       ; 0.000        ; -0.012     ; 2.594      ;
; 2.345 ; pc:pc_top|o_pc_data_out[14]                         ; regfile:regfile_top|Reg[25][16]                     ; i_clk        ; i_clk       ; 0.000        ; 0.000      ; 2.611      ;
; 2.371 ; pc:pc_top|o_pc_data_out[29]                         ; pc:pc_top|o_pc_data_out[30]                         ; i_clk        ; i_clk       ; 0.000        ; 0.019      ; 2.656      ;
; 2.375 ; lsu:lsu_top|INPUT[16]                               ; regfile:regfile_top|Reg[10][16]                     ; i_clk        ; i_clk       ; 0.000        ; 0.025      ; 2.666      ;
; 2.375 ; lsu:lsu_top|INPUT[16]                               ; regfile:regfile_top|Reg[11][16]                     ; i_clk        ; i_clk       ; 0.000        ; 0.025      ; 2.666      ;
; 2.377 ; lsu:lsu_top|output_buffer:outputperiph|MEMBF[2][12] ; lsu:lsu_top|output_buffer:outputperiph|MEMBF[0][12] ; i_clk        ; i_clk       ; 0.000        ; 0.020      ; 2.663      ;
; 2.380 ; pc:pc_top|o_pc_data_out[15]                         ; o_pc_debug[15]~reg0                                 ; i_clk        ; i_clk       ; 0.000        ; -0.034     ; 2.612      ;
; 2.381 ; lsu:lsu_top|INPUT[11]                               ; regfile:regfile_top|Reg[1][11]                      ; i_clk        ; i_clk       ; 0.000        ; -0.013     ; 2.634      ;
; 2.383 ; lsu:lsu_top|output_buffer:outputperiph|MEMBF[3][17] ; lsu:lsu_top|output_buffer:outputperiph|MEMBF[4][17] ; i_clk        ; i_clk       ; 0.000        ; 0.000      ; 2.649      ;
; 2.384 ; lsu:lsu_top|INPUT[11]                               ; regfile:regfile_top|Reg[3][11]                      ; i_clk        ; i_clk       ; 0.000        ; -0.013     ; 2.637      ;
; 2.389 ; lsu:lsu_top|output_buffer:outputperiph|MEMBF[4][29] ; lsu:lsu_top|output_buffer:outputperiph|MEMBF[4][29] ; i_clk        ; i_clk       ; 0.000        ; 0.000      ; 2.655      ;
; 2.389 ; pc:pc_top|o_pc_data_out[3]                          ; pc:pc_top|o_pc_data_out[3]                          ; i_clk        ; i_clk       ; 0.000        ; 0.000      ; 2.655      ;
; 2.390 ; lsu:lsu_top|INPUT[27]                               ; regfile:regfile_top|Reg[21][27]                     ; i_clk        ; i_clk       ; 0.000        ; 0.001      ; 2.657      ;
; 2.398 ; pc:pc_top|o_pc_data_out[23]                         ; regfile:regfile_top|Reg[25][24]                     ; i_clk        ; i_clk       ; 0.000        ; -0.002     ; 2.662      ;
; 2.408 ; pc:pc_top|o_pc_data_out[5]                          ; regfile:regfile_top|Reg[15][7]                      ; i_clk        ; i_clk       ; 0.000        ; 0.006      ; 2.680      ;
; 2.411 ; lsu:lsu_top|INPUT[11]                               ; regfile:regfile_top|Reg[12][11]                     ; i_clk        ; i_clk       ; 0.000        ; 0.012      ; 2.689      ;
; 2.417 ; lsu:lsu_top|INPUT[16]                               ; regfile:regfile_top|Reg[8][16]                      ; i_clk        ; i_clk       ; 0.000        ; 0.015      ; 2.698      ;
; 2.417 ; lsu:lsu_top|INPUT[16]                               ; regfile:regfile_top|Reg[9][16]                      ; i_clk        ; i_clk       ; 0.000        ; 0.015      ; 2.698      ;
; 2.427 ; lsu:lsu_top|output_buffer:outputperiph|MEMBF[4][7]  ; lsu:lsu_top|output_buffer:outputperiph|MEMBF[3][7]  ; i_clk        ; i_clk       ; 0.000        ; -0.029     ; 2.664      ;
; 2.435 ; lsu:lsu_top|output_buffer:outputperiph|MEMBF[4][26] ; lsu:lsu_top|output_buffer:outputperiph|MEMBF[4][2]  ; i_clk        ; i_clk       ; 0.000        ; 0.000      ; 2.701      ;
; 2.437 ; lsu:lsu_top|output_buffer:outputperiph|MEMBF[4][7]  ; lsu:lsu_top|output_buffer:outputperiph|MEMBF[1][7]  ; i_clk        ; i_clk       ; 0.000        ; -0.027     ; 2.676      ;
; 2.438 ; pc:pc_top|o_pc_data_out[29]                         ; regfile:regfile_top|Reg[15][29]                     ; i_clk        ; i_clk       ; 0.000        ; 0.018      ; 2.722      ;
; 2.464 ; lsu:lsu_top|output_buffer:outputperiph|MEMBF[4][26] ; lsu:lsu_top|output_buffer:outputperiph|MEMBF[0][26] ; i_clk        ; i_clk       ; 0.000        ; -0.021     ; 2.709      ;
; 2.467 ; lsu:lsu_top|output_buffer:outputperiph|MEMBF[4][7]  ; lsu:lsu_top|output_buffer:outputperiph|MEMBF[0][7]  ; i_clk        ; i_clk       ; 0.000        ; -0.001     ; 2.732      ;
; 2.477 ; pc:pc_top|o_pc_data_out[26]                         ; o_pc_debug[26]~reg0                                 ; i_clk        ; i_clk       ; 0.000        ; 0.002      ; 2.745      ;
; 2.478 ; i_reset                                             ; regfile:regfile_top|Reg[15][19]                     ; i_reset      ; i_clk       ; 0.000        ; 2.660      ; 5.404      ;
; 2.485 ; lsu:lsu_top|output_buffer:outputperiph|MEMBF[3][23] ; lsu:lsu_top|output_buffer:outputperiph|MEMBF[2][7]  ; i_clk        ; i_clk       ; 0.000        ; 0.029      ; 2.780      ;
; 2.492 ; pc:pc_top|o_pc_data_out[24]                         ; pc:pc_top|o_pc_data_out[24]                         ; i_clk        ; i_clk       ; 0.000        ; 0.000      ; 2.758      ;
+-------+-----------------------------------------------------+-----------------------------------------------------+--------------+-------------+--------------+------------+------------+


+--------------------------------------------------------------------------------------------------------------------------+
; Slow Model Hold: 'i_reset'                                                                                               ;
+-------+-----------------------------+--------------+--------------+-------------+--------------+------------+------------+
; Slack ; From Node                   ; To Node      ; Launch Clock ; Latch Clock ; Relationship ; Clock Skew ; Data Delay ;
+-------+-----------------------------+--------------+--------------+-------------+--------------+------------+------------+
; 1.528 ; pc:pc_top|o_pc_data_out[12] ; o_inst_vld~1 ; i_clk        ; i_reset     ; -0.500       ; 2.011      ; 3.039      ;
; 1.647 ; pc:pc_top|o_pc_data_out[9]  ; o_inst_vld~1 ; i_clk        ; i_reset     ; -0.500       ; 2.010      ; 3.157      ;
; 1.856 ; pc:pc_top|o_pc_data_out[5]  ; o_inst_vld~1 ; i_clk        ; i_reset     ; -0.500       ; 2.002      ; 3.358      ;
; 1.904 ; pc:pc_top|o_pc_data_out[4]  ; o_inst_vld~1 ; i_clk        ; i_reset     ; -0.500       ; 2.002      ; 3.406      ;
; 1.931 ; pc:pc_top|o_pc_data_out[13] ; o_inst_vld~1 ; i_clk        ; i_reset     ; -0.500       ; 2.011      ; 3.442      ;
; 1.939 ; pc:pc_top|o_pc_data_out[7]  ; o_inst_vld~1 ; i_clk        ; i_reset     ; -0.500       ; 2.003      ; 3.442      ;
; 1.979 ; pc:pc_top|o_pc_data_out[8]  ; o_inst_vld~1 ; i_clk        ; i_reset     ; -0.500       ; 2.010      ; 3.489      ;
; 1.981 ; pc:pc_top|o_pc_data_out[6]  ; o_inst_vld~1 ; i_clk        ; i_reset     ; -0.500       ; 1.996      ; 3.477      ;
; 1.985 ; pc:pc_top|o_pc_data_out[11] ; o_inst_vld~1 ; i_clk        ; i_reset     ; -0.500       ; 2.011      ; 3.496      ;
; 2.156 ; pc:pc_top|o_pc_data_out[3]  ; o_inst_vld~1 ; i_clk        ; i_reset     ; -0.500       ; 2.011      ; 3.667      ;
; 2.302 ; pc:pc_top|o_pc_data_out[2]  ; o_inst_vld~1 ; i_clk        ; i_reset     ; -0.500       ; 2.011      ; 3.813      ;
; 2.380 ; pc:pc_top|o_pc_data_out[10] ; o_inst_vld~1 ; i_clk        ; i_reset     ; -0.500       ; 2.011      ; 3.891      ;
+-------+-----------------------------+--------------+--------------+-------------+--------------+------------+------------+


+--------------------------------------------------------------------------------------------------------------------------------------+
; Slow Model Recovery: 'i_clk'                                                                                                         ;
+--------+-----------+-------------------------------------------+--------------+-------------+--------------+------------+------------+
; Slack  ; From Node ; To Node                                   ; Launch Clock ; Latch Clock ; Relationship ; Clock Skew ; Data Delay ;
+--------+-----------+-------------------------------------------+--------------+-------------+--------------+------------+------------+
; -3.853 ; i_reset   ; lsu:lsu_top|datamem:mem|data_mem[234][10] ; i_reset      ; i_clk       ; 0.500        ; 2.636      ; 7.025      ;
; -3.853 ; i_reset   ; lsu:lsu_top|datamem:mem|data_mem[202][10] ; i_reset      ; i_clk       ; 0.500        ; 2.636      ; 7.025      ;
; -3.853 ; i_reset   ; lsu:lsu_top|datamem:mem|data_mem[234][19] ; i_reset      ; i_clk       ; 0.500        ; 2.636      ; 7.025      ;
; -3.853 ; i_reset   ; lsu:lsu_top|datamem:mem|data_mem[234][16] ; i_reset      ; i_clk       ; 0.500        ; 2.636      ; 7.025      ;
; -3.853 ; i_reset   ; lsu:lsu_top|datamem:mem|data_mem[234][20] ; i_reset      ; i_clk       ; 0.500        ; 2.636      ; 7.025      ;
; -3.853 ; i_reset   ; lsu:lsu_top|datamem:mem|data_mem[234][30] ; i_reset      ; i_clk       ; 0.500        ; 2.636      ; 7.025      ;
; -3.853 ; i_reset   ; lsu:lsu_top|datamem:mem|data_mem[202][4]  ; i_reset      ; i_clk       ; 0.500        ; 2.636      ; 7.025      ;
; -3.853 ; i_reset   ; lsu:lsu_top|datamem:mem|data_mem[234][18] ; i_reset      ; i_clk       ; 0.500        ; 2.636      ; 7.025      ;
; -3.853 ; i_reset   ; lsu:lsu_top|datamem:mem|data_mem[202][21] ; i_reset      ; i_clk       ; 0.500        ; 2.636      ; 7.025      ;
; -3.853 ; i_reset   ; lsu:lsu_top|datamem:mem|data_mem[234][5]  ; i_reset      ; i_clk       ; 0.500        ; 2.636      ; 7.025      ;
; -3.853 ; i_reset   ; lsu:lsu_top|datamem:mem|data_mem[202][9]  ; i_reset      ; i_clk       ; 0.500        ; 2.636      ; 7.025      ;
; -3.853 ; i_reset   ; lsu:lsu_top|datamem:mem|data_mem[234][9]  ; i_reset      ; i_clk       ; 0.500        ; 2.636      ; 7.025      ;
; -3.853 ; i_reset   ; lsu:lsu_top|datamem:mem|data_mem[234][24] ; i_reset      ; i_clk       ; 0.500        ; 2.636      ; 7.025      ;
; -3.853 ; i_reset   ; lsu:lsu_top|datamem:mem|data_mem[202][0]  ; i_reset      ; i_clk       ; 0.500        ; 2.636      ; 7.025      ;
; -3.853 ; i_reset   ; lsu:lsu_top|datamem:mem|data_mem[234][0]  ; i_reset      ; i_clk       ; 0.500        ; 2.636      ; 7.025      ;
; -3.353 ; i_reset   ; lsu:lsu_top|datamem:mem|data_mem[234][10] ; i_reset      ; i_clk       ; 1.000        ; 2.636      ; 7.025      ;
; -3.353 ; i_reset   ; lsu:lsu_top|datamem:mem|data_mem[202][10] ; i_reset      ; i_clk       ; 1.000        ; 2.636      ; 7.025      ;
; -3.353 ; i_reset   ; lsu:lsu_top|datamem:mem|data_mem[234][19] ; i_reset      ; i_clk       ; 1.000        ; 2.636      ; 7.025      ;
; -3.353 ; i_reset   ; lsu:lsu_top|datamem:mem|data_mem[234][16] ; i_reset      ; i_clk       ; 1.000        ; 2.636      ; 7.025      ;
; -3.353 ; i_reset   ; lsu:lsu_top|datamem:mem|data_mem[234][20] ; i_reset      ; i_clk       ; 1.000        ; 2.636      ; 7.025      ;
; -3.353 ; i_reset   ; lsu:lsu_top|datamem:mem|data_mem[234][30] ; i_reset      ; i_clk       ; 1.000        ; 2.636      ; 7.025      ;
; -3.353 ; i_reset   ; lsu:lsu_top|datamem:mem|data_mem[202][4]  ; i_reset      ; i_clk       ; 1.000        ; 2.636      ; 7.025      ;
; -3.353 ; i_reset   ; lsu:lsu_top|datamem:mem|data_mem[234][18] ; i_reset      ; i_clk       ; 1.000        ; 2.636      ; 7.025      ;
; -3.353 ; i_reset   ; lsu:lsu_top|datamem:mem|data_mem[202][21] ; i_reset      ; i_clk       ; 1.000        ; 2.636      ; 7.025      ;
; -3.353 ; i_reset   ; lsu:lsu_top|datamem:mem|data_mem[234][5]  ; i_reset      ; i_clk       ; 1.000        ; 2.636      ; 7.025      ;
; -3.353 ; i_reset   ; lsu:lsu_top|datamem:mem|data_mem[202][9]  ; i_reset      ; i_clk       ; 1.000        ; 2.636      ; 7.025      ;
; -3.353 ; i_reset   ; lsu:lsu_top|datamem:mem|data_mem[234][9]  ; i_reset      ; i_clk       ; 1.000        ; 2.636      ; 7.025      ;
; -3.353 ; i_reset   ; lsu:lsu_top|datamem:mem|data_mem[234][24] ; i_reset      ; i_clk       ; 1.000        ; 2.636      ; 7.025      ;
; -3.353 ; i_reset   ; lsu:lsu_top|datamem:mem|data_mem[202][0]  ; i_reset      ; i_clk       ; 1.000        ; 2.636      ; 7.025      ;
; -3.353 ; i_reset   ; lsu:lsu_top|datamem:mem|data_mem[234][0]  ; i_reset      ; i_clk       ; 1.000        ; 2.636      ; 7.025      ;
; -3.144 ; i_reset   ; lsu:lsu_top|datamem:mem|data_mem[177][7]  ; i_reset      ; i_clk       ; 0.500        ; 2.628      ; 6.308      ;
; -3.144 ; i_reset   ; lsu:lsu_top|datamem:mem|data_mem[187][11] ; i_reset      ; i_clk       ; 0.500        ; 2.628      ; 6.308      ;
; -3.144 ; i_reset   ; lsu:lsu_top|datamem:mem|data_mem[187][27] ; i_reset      ; i_clk       ; 0.500        ; 2.628      ; 6.308      ;
; -3.144 ; i_reset   ; lsu:lsu_top|datamem:mem|data_mem[187][20] ; i_reset      ; i_clk       ; 0.500        ; 2.628      ; 6.308      ;
; -3.144 ; i_reset   ; lsu:lsu_top|datamem:mem|data_mem[187][30] ; i_reset      ; i_clk       ; 0.500        ; 2.628      ; 6.308      ;
; -3.144 ; i_reset   ; lsu:lsu_top|datamem:mem|data_mem[177][12] ; i_reset      ; i_clk       ; 0.500        ; 2.628      ; 6.308      ;
; -3.144 ; i_reset   ; lsu:lsu_top|datamem:mem|data_mem[187][1]  ; i_reset      ; i_clk       ; 0.500        ; 2.628      ; 6.308      ;
; -3.144 ; i_reset   ; lsu:lsu_top|datamem:mem|data_mem[177][24] ; i_reset      ; i_clk       ; 0.500        ; 2.628      ; 6.308      ;
; -3.144 ; i_reset   ; lsu:lsu_top|datamem:mem|data_mem[187][24] ; i_reset      ; i_clk       ; 0.500        ; 2.628      ; 6.308      ;
; -2.760 ; i_reset   ; lsu:lsu_top|datamem:mem|data_mem[300][23] ; i_reset      ; i_clk       ; 0.500        ; 2.628      ; 5.924      ;
; -2.760 ; i_reset   ; lsu:lsu_top|datamem:mem|data_mem[364][23] ; i_reset      ; i_clk       ; 0.500        ; 2.628      ; 5.924      ;
; -2.760 ; i_reset   ; lsu:lsu_top|datamem:mem|data_mem[300][7]  ; i_reset      ; i_clk       ; 0.500        ; 2.628      ; 5.924      ;
; -2.760 ; i_reset   ; lsu:lsu_top|datamem:mem|data_mem[364][7]  ; i_reset      ; i_clk       ; 0.500        ; 2.628      ; 5.924      ;
; -2.760 ; i_reset   ; lsu:lsu_top|datamem:mem|data_mem[364][31] ; i_reset      ; i_clk       ; 0.500        ; 2.628      ; 5.924      ;
; -2.760 ; i_reset   ; lsu:lsu_top|datamem:mem|data_mem[364][13] ; i_reset      ; i_clk       ; 0.500        ; 2.628      ; 5.924      ;
; -2.760 ; i_reset   ; lsu:lsu_top|datamem:mem|data_mem[300][13] ; i_reset      ; i_clk       ; 0.500        ; 2.628      ; 5.924      ;
; -2.760 ; i_reset   ; lsu:lsu_top|datamem:mem|data_mem[300][15] ; i_reset      ; i_clk       ; 0.500        ; 2.628      ; 5.924      ;
; -2.760 ; i_reset   ; lsu:lsu_top|datamem:mem|data_mem[364][15] ; i_reset      ; i_clk       ; 0.500        ; 2.628      ; 5.924      ;
; -2.746 ; i_reset   ; lsu:lsu_top|datamem:mem|data_mem[312][27] ; i_reset      ; i_clk       ; 0.500        ; 2.658      ; 5.940      ;
; -2.746 ; i_reset   ; lsu:lsu_top|datamem:mem|data_mem[304][31] ; i_reset      ; i_clk       ; 0.500        ; 2.658      ; 5.940      ;
; -2.746 ; i_reset   ; lsu:lsu_top|datamem:mem|data_mem[312][14] ; i_reset      ; i_clk       ; 0.500        ; 2.658      ; 5.940      ;
; -2.746 ; i_reset   ; lsu:lsu_top|datamem:mem|data_mem[304][14] ; i_reset      ; i_clk       ; 0.500        ; 2.658      ; 5.940      ;
; -2.746 ; i_reset   ; lsu:lsu_top|datamem:mem|data_mem[304][6]  ; i_reset      ; i_clk       ; 0.500        ; 2.658      ; 5.940      ;
; -2.746 ; i_reset   ; lsu:lsu_top|datamem:mem|data_mem[312][6]  ; i_reset      ; i_clk       ; 0.500        ; 2.658      ; 5.940      ;
; -2.746 ; i_reset   ; lsu:lsu_top|datamem:mem|data_mem[304][4]  ; i_reset      ; i_clk       ; 0.500        ; 2.658      ; 5.940      ;
; -2.746 ; i_reset   ; lsu:lsu_top|datamem:mem|data_mem[304][26] ; i_reset      ; i_clk       ; 0.500        ; 2.658      ; 5.940      ;
; -2.746 ; i_reset   ; lsu:lsu_top|datamem:mem|data_mem[304][2]  ; i_reset      ; i_clk       ; 0.500        ; 2.658      ; 5.940      ;
; -2.746 ; i_reset   ; lsu:lsu_top|datamem:mem|data_mem[304][13] ; i_reset      ; i_clk       ; 0.500        ; 2.658      ; 5.940      ;
; -2.746 ; i_reset   ; lsu:lsu_top|datamem:mem|data_mem[312][13] ; i_reset      ; i_clk       ; 0.500        ; 2.658      ; 5.940      ;
; -2.746 ; i_reset   ; lsu:lsu_top|datamem:mem|data_mem[304][21] ; i_reset      ; i_clk       ; 0.500        ; 2.658      ; 5.940      ;
; -2.746 ; i_reset   ; lsu:lsu_top|datamem:mem|data_mem[312][5]  ; i_reset      ; i_clk       ; 0.500        ; 2.658      ; 5.940      ;
; -2.746 ; i_reset   ; lsu:lsu_top|datamem:mem|data_mem[312][24] ; i_reset      ; i_clk       ; 0.500        ; 2.658      ; 5.940      ;
; -2.714 ; i_reset   ; lsu:lsu_top|datamem:mem|data_mem[134][19] ; i_reset      ; i_clk       ; 0.500        ; 2.658      ; 5.908      ;
; -2.714 ; i_reset   ; lsu:lsu_top|datamem:mem|data_mem[142][11] ; i_reset      ; i_clk       ; 0.500        ; 2.658      ; 5.908      ;
; -2.714 ; i_reset   ; lsu:lsu_top|datamem:mem|data_mem[142][8]  ; i_reset      ; i_clk       ; 0.500        ; 2.658      ; 5.908      ;
; -2.714 ; i_reset   ; lsu:lsu_top|datamem:mem|data_mem[134][27] ; i_reset      ; i_clk       ; 0.500        ; 2.658      ; 5.908      ;
; -2.714 ; i_reset   ; lsu:lsu_top|datamem:mem|data_mem[142][27] ; i_reset      ; i_clk       ; 0.500        ; 2.658      ; 5.908      ;
; -2.714 ; i_reset   ; lsu:lsu_top|datamem:mem|data_mem[142][22] ; i_reset      ; i_clk       ; 0.500        ; 2.658      ; 5.908      ;
; -2.714 ; i_reset   ; lsu:lsu_top|datamem:mem|data_mem[134][22] ; i_reset      ; i_clk       ; 0.500        ; 2.658      ; 5.908      ;
; -2.714 ; i_reset   ; lsu:lsu_top|datamem:mem|data_mem[142][4]  ; i_reset      ; i_clk       ; 0.500        ; 2.658      ; 5.908      ;
; -2.714 ; i_reset   ; lsu:lsu_top|datamem:mem|data_mem[134][2]  ; i_reset      ; i_clk       ; 0.500        ; 2.658      ; 5.908      ;
; -2.714 ; i_reset   ; lsu:lsu_top|datamem:mem|data_mem[142][2]  ; i_reset      ; i_clk       ; 0.500        ; 2.658      ; 5.908      ;
; -2.714 ; i_reset   ; lsu:lsu_top|datamem:mem|data_mem[142][13] ; i_reset      ; i_clk       ; 0.500        ; 2.658      ; 5.908      ;
; -2.714 ; i_reset   ; lsu:lsu_top|datamem:mem|data_mem[142][29] ; i_reset      ; i_clk       ; 0.500        ; 2.658      ; 5.908      ;
; -2.714 ; i_reset   ; lsu:lsu_top|datamem:mem|data_mem[134][29] ; i_reset      ; i_clk       ; 0.500        ; 2.658      ; 5.908      ;
; -2.714 ; i_reset   ; lsu:lsu_top|datamem:mem|data_mem[134][15] ; i_reset      ; i_clk       ; 0.500        ; 2.658      ; 5.908      ;
; -2.686 ; i_reset   ; regfile:regfile_top|Reg[4][20]            ; i_reset      ; i_clk       ; 0.500        ; 2.607      ; 5.829      ;
; -2.686 ; i_reset   ; regfile:regfile_top|Reg[6][20]            ; i_reset      ; i_clk       ; 0.500        ; 2.607      ; 5.829      ;
; -2.686 ; i_reset   ; regfile:regfile_top|Reg[4][6]             ; i_reset      ; i_clk       ; 0.500        ; 2.607      ; 5.829      ;
; -2.678 ; i_reset   ; lsu:lsu_top|datamem:mem|data_mem[293][16] ; i_reset      ; i_clk       ; 0.500        ; 2.661      ; 5.875      ;
; -2.678 ; i_reset   ; lsu:lsu_top|datamem:mem|data_mem[261][16] ; i_reset      ; i_clk       ; 0.500        ; 2.661      ; 5.875      ;
; -2.678 ; i_reset   ; lsu:lsu_top|datamem:mem|data_mem[261][17] ; i_reset      ; i_clk       ; 0.500        ; 2.661      ; 5.875      ;
; -2.678 ; i_reset   ; lsu:lsu_top|datamem:mem|data_mem[293][17] ; i_reset      ; i_clk       ; 0.500        ; 2.661      ; 5.875      ;
; -2.678 ; i_reset   ; lsu:lsu_top|datamem:mem|data_mem[261][1]  ; i_reset      ; i_clk       ; 0.500        ; 2.661      ; 5.875      ;
; -2.678 ; i_reset   ; lsu:lsu_top|datamem:mem|data_mem[293][1]  ; i_reset      ; i_clk       ; 0.500        ; 2.661      ; 5.875      ;
; -2.646 ; i_reset   ; lsu:lsu_top|datamem:mem|data_mem[247][8]  ; i_reset      ; i_clk       ; 0.500        ; 2.664      ; 5.846      ;
; -2.646 ; i_reset   ; lsu:lsu_top|datamem:mem|data_mem[247][16] ; i_reset      ; i_clk       ; 0.500        ; 2.664      ; 5.846      ;
; -2.646 ; i_reset   ; lsu:lsu_top|datamem:mem|data_mem[247][25] ; i_reset      ; i_clk       ; 0.500        ; 2.664      ; 5.846      ;
; -2.646 ; i_reset   ; lsu:lsu_top|datamem:mem|data_mem[247][20] ; i_reset      ; i_clk       ; 0.500        ; 2.664      ; 5.846      ;
; -2.646 ; i_reset   ; lsu:lsu_top|datamem:mem|data_mem[247][14] ; i_reset      ; i_clk       ; 0.500        ; 2.664      ; 5.846      ;
; -2.646 ; i_reset   ; lsu:lsu_top|datamem:mem|data_mem[247][22] ; i_reset      ; i_clk       ; 0.500        ; 2.664      ; 5.846      ;
; -2.646 ; i_reset   ; lsu:lsu_top|datamem:mem|data_mem[247][4]  ; i_reset      ; i_clk       ; 0.500        ; 2.664      ; 5.846      ;
; -2.646 ; i_reset   ; lsu:lsu_top|datamem:mem|data_mem[247][18] ; i_reset      ; i_clk       ; 0.500        ; 2.664      ; 5.846      ;
; -2.646 ; i_reset   ; lsu:lsu_top|datamem:mem|data_mem[247][2]  ; i_reset      ; i_clk       ; 0.500        ; 2.664      ; 5.846      ;
; -2.646 ; i_reset   ; lsu:lsu_top|datamem:mem|data_mem[247][21] ; i_reset      ; i_clk       ; 0.500        ; 2.664      ; 5.846      ;
; -2.646 ; i_reset   ; lsu:lsu_top|datamem:mem|data_mem[247][5]  ; i_reset      ; i_clk       ; 0.500        ; 2.664      ; 5.846      ;
; -2.646 ; i_reset   ; lsu:lsu_top|datamem:mem|data_mem[247][3]  ; i_reset      ; i_clk       ; 0.500        ; 2.664      ; 5.846      ;
; -2.646 ; i_reset   ; lsu:lsu_top|datamem:mem|data_mem[247][17] ; i_reset      ; i_clk       ; 0.500        ; 2.664      ; 5.846      ;
; -2.646 ; i_reset   ; lsu:lsu_top|datamem:mem|data_mem[247][1]  ; i_reset      ; i_clk       ; 0.500        ; 2.664      ; 5.846      ;
; -2.646 ; i_reset   ; lsu:lsu_top|datamem:mem|data_mem[135][15] ; i_reset      ; i_clk       ; 0.500        ; 2.664      ; 5.846      ;
+--------+-----------+-------------------------------------------+--------------+-------------+--------------+------------+------------+


+-------------------------------------------------------------------------------------------------------------------------------------+
; Slow Model Removal: 'i_clk'                                                                                                         ;
+-------+-----------+-------------------------------------------+--------------+-------------+--------------+------------+------------+
; Slack ; From Node ; To Node                                   ; Launch Clock ; Latch Clock ; Relationship ; Clock Skew ; Data Delay ;
+-------+-----------+-------------------------------------------+--------------+-------------+--------------+------------+------------+
; 0.044 ; i_reset   ; lsu:lsu_top|datamem:mem|data_mem[125][11] ; i_reset      ; i_clk       ; 0.000        ; 2.609      ; 2.919      ;
; 0.044 ; i_reset   ; lsu:lsu_top|datamem:mem|data_mem[127][11] ; i_reset      ; i_clk       ; 0.000        ; 2.609      ; 2.919      ;
; 0.044 ; i_reset   ; lsu:lsu_top|datamem:mem|data_mem[125][5]  ; i_reset      ; i_clk       ; 0.000        ; 2.609      ; 2.919      ;
; 0.044 ; i_reset   ; lsu:lsu_top|datamem:mem|data_mem[125][29] ; i_reset      ; i_clk       ; 0.000        ; 2.609      ; 2.919      ;
; 0.044 ; i_reset   ; lsu:lsu_top|datamem:mem|data_mem[127][29] ; i_reset      ; i_clk       ; 0.000        ; 2.609      ; 2.919      ;
; 0.044 ; i_reset   ; lsu:lsu_top|datamem:mem|data_mem[125][9]  ; i_reset      ; i_clk       ; 0.000        ; 2.609      ; 2.919      ;
; 0.150 ; i_reset   ; lsu:lsu_top|datamem:mem|data_mem[57][23]  ; i_reset      ; i_clk       ; 0.000        ; 2.631      ; 3.047      ;
; 0.150 ; i_reset   ; lsu:lsu_top|datamem:mem|data_mem[49][7]   ; i_reset      ; i_clk       ; 0.000        ; 2.631      ; 3.047      ;
; 0.150 ; i_reset   ; lsu:lsu_top|datamem:mem|data_mem[57][11]  ; i_reset      ; i_clk       ; 0.000        ; 2.631      ; 3.047      ;
; 0.150 ; i_reset   ; lsu:lsu_top|datamem:mem|data_mem[49][11]  ; i_reset      ; i_clk       ; 0.000        ; 2.631      ; 3.047      ;
; 0.150 ; i_reset   ; lsu:lsu_top|datamem:mem|data_mem[49][8]   ; i_reset      ; i_clk       ; 0.000        ; 2.631      ; 3.047      ;
; 0.150 ; i_reset   ; lsu:lsu_top|datamem:mem|data_mem[49][12]  ; i_reset      ; i_clk       ; 0.000        ; 2.631      ; 3.047      ;
; 0.150 ; i_reset   ; lsu:lsu_top|datamem:mem|data_mem[57][12]  ; i_reset      ; i_clk       ; 0.000        ; 2.631      ; 3.047      ;
; 0.150 ; i_reset   ; lsu:lsu_top|datamem:mem|data_mem[49][13]  ; i_reset      ; i_clk       ; 0.000        ; 2.631      ; 3.047      ;
; 0.150 ; i_reset   ; lsu:lsu_top|datamem:mem|data_mem[57][13]  ; i_reset      ; i_clk       ; 0.000        ; 2.631      ; 3.047      ;
; 0.150 ; i_reset   ; lsu:lsu_top|datamem:mem|data_mem[49][29]  ; i_reset      ; i_clk       ; 0.000        ; 2.631      ; 3.047      ;
; 0.150 ; i_reset   ; lsu:lsu_top|datamem:mem|data_mem[49][17]  ; i_reset      ; i_clk       ; 0.000        ; 2.631      ; 3.047      ;
; 0.150 ; i_reset   ; lsu:lsu_top|datamem:mem|data_mem[57][17]  ; i_reset      ; i_clk       ; 0.000        ; 2.631      ; 3.047      ;
; 0.150 ; i_reset   ; lsu:lsu_top|datamem:mem|data_mem[57][15]  ; i_reset      ; i_clk       ; 0.000        ; 2.631      ; 3.047      ;
; 0.168 ; i_reset   ; lsu:lsu_top|datamem:mem|data_mem[125][10] ; i_reset      ; i_clk       ; 0.000        ; 2.632      ; 3.066      ;
; 0.168 ; i_reset   ; lsu:lsu_top|datamem:mem|data_mem[124][7]  ; i_reset      ; i_clk       ; 0.000        ; 2.632      ; 3.066      ;
; 0.168 ; i_reset   ; lsu:lsu_top|datamem:mem|data_mem[125][19] ; i_reset      ; i_clk       ; 0.000        ; 2.632      ; 3.066      ;
; 0.168 ; i_reset   ; lsu:lsu_top|datamem:mem|data_mem[124][28] ; i_reset      ; i_clk       ; 0.000        ; 2.632      ; 3.066      ;
; 0.168 ; i_reset   ; lsu:lsu_top|datamem:mem|data_mem[125][12] ; i_reset      ; i_clk       ; 0.000        ; 2.632      ; 3.066      ;
; 0.168 ; i_reset   ; lsu:lsu_top|datamem:mem|data_mem[125][26] ; i_reset      ; i_clk       ; 0.000        ; 2.632      ; 3.066      ;
; 0.168 ; i_reset   ; lsu:lsu_top|datamem:mem|data_mem[124][17] ; i_reset      ; i_clk       ; 0.000        ; 2.632      ; 3.066      ;
; 0.212 ; i_reset   ; lsu:lsu_top|datamem:mem|data_mem[107][19] ; i_reset      ; i_clk       ; 0.000        ; 2.641      ; 3.119      ;
; 0.212 ; i_reset   ; lsu:lsu_top|datamem:mem|data_mem[123][11] ; i_reset      ; i_clk       ; 0.000        ; 2.641      ; 3.119      ;
; 0.212 ; i_reset   ; lsu:lsu_top|datamem:mem|data_mem[107][16] ; i_reset      ; i_clk       ; 0.000        ; 2.641      ; 3.119      ;
; 0.212 ; i_reset   ; lsu:lsu_top|datamem:mem|data_mem[123][16] ; i_reset      ; i_clk       ; 0.000        ; 2.641      ; 3.119      ;
; 0.212 ; i_reset   ; lsu:lsu_top|datamem:mem|data_mem[123][27] ; i_reset      ; i_clk       ; 0.000        ; 2.641      ; 3.119      ;
; 0.212 ; i_reset   ; lsu:lsu_top|datamem:mem|data_mem[107][14] ; i_reset      ; i_clk       ; 0.000        ; 2.641      ; 3.119      ;
; 0.212 ; i_reset   ; lsu:lsu_top|datamem:mem|data_mem[123][14] ; i_reset      ; i_clk       ; 0.000        ; 2.641      ; 3.119      ;
; 0.212 ; i_reset   ; lsu:lsu_top|datamem:mem|data_mem[123][12] ; i_reset      ; i_clk       ; 0.000        ; 2.641      ; 3.119      ;
; 0.212 ; i_reset   ; lsu:lsu_top|datamem:mem|data_mem[123][4]  ; i_reset      ; i_clk       ; 0.000        ; 2.641      ; 3.119      ;
; 0.212 ; i_reset   ; lsu:lsu_top|datamem:mem|data_mem[123][21] ; i_reset      ; i_clk       ; 0.000        ; 2.641      ; 3.119      ;
; 0.212 ; i_reset   ; lsu:lsu_top|datamem:mem|data_mem[107][3]  ; i_reset      ; i_clk       ; 0.000        ; 2.641      ; 3.119      ;
; 0.212 ; i_reset   ; lsu:lsu_top|datamem:mem|data_mem[123][3]  ; i_reset      ; i_clk       ; 0.000        ; 2.641      ; 3.119      ;
; 0.212 ; i_reset   ; lsu:lsu_top|datamem:mem|data_mem[123][1]  ; i_reset      ; i_clk       ; 0.000        ; 2.641      ; 3.119      ;
; 0.212 ; i_reset   ; lsu:lsu_top|datamem:mem|data_mem[107][1]  ; i_reset      ; i_clk       ; 0.000        ; 2.641      ; 3.119      ;
; 0.225 ; i_reset   ; lsu:lsu_top|datamem:mem|data_mem[99][4]   ; i_reset      ; i_clk       ; 0.000        ; 2.637      ; 3.128      ;
; 0.225 ; i_reset   ; lsu:lsu_top|datamem:mem|data_mem[115][4]  ; i_reset      ; i_clk       ; 0.000        ; 2.637      ; 3.128      ;
; 0.225 ; i_reset   ; lsu:lsu_top|datamem:mem|data_mem[99][21]  ; i_reset      ; i_clk       ; 0.000        ; 2.637      ; 3.128      ;
; 0.225 ; i_reset   ; lsu:lsu_top|datamem:mem|data_mem[115][21] ; i_reset      ; i_clk       ; 0.000        ; 2.637      ; 3.128      ;
; 0.225 ; i_reset   ; lsu:lsu_top|datamem:mem|data_mem[115][15] ; i_reset      ; i_clk       ; 0.000        ; 2.637      ; 3.128      ;
; 0.252 ; i_reset   ; lsu:lsu_top|datamem:mem|data_mem[42][10]  ; i_reset      ; i_clk       ; 0.000        ; 2.648      ; 3.166      ;
; 0.252 ; i_reset   ; lsu:lsu_top|datamem:mem|data_mem[58][19]  ; i_reset      ; i_clk       ; 0.000        ; 2.648      ; 3.166      ;
; 0.252 ; i_reset   ; lsu:lsu_top|datamem:mem|data_mem[42][16]  ; i_reset      ; i_clk       ; 0.000        ; 2.648      ; 3.166      ;
; 0.252 ; i_reset   ; lsu:lsu_top|datamem:mem|data_mem[58][16]  ; i_reset      ; i_clk       ; 0.000        ; 2.648      ; 3.166      ;
; 0.252 ; i_reset   ; lsu:lsu_top|datamem:mem|data_mem[58][31]  ; i_reset      ; i_clk       ; 0.000        ; 2.648      ; 3.166      ;
; 0.252 ; i_reset   ; lsu:lsu_top|datamem:mem|data_mem[42][31]  ; i_reset      ; i_clk       ; 0.000        ; 2.648      ; 3.166      ;
; 0.252 ; i_reset   ; lsu:lsu_top|datamem:mem|data_mem[42][30]  ; i_reset      ; i_clk       ; 0.000        ; 2.648      ; 3.166      ;
; 0.252 ; i_reset   ; lsu:lsu_top|datamem:mem|data_mem[58][30]  ; i_reset      ; i_clk       ; 0.000        ; 2.648      ; 3.166      ;
; 0.252 ; i_reset   ; lsu:lsu_top|datamem:mem|data_mem[58][14]  ; i_reset      ; i_clk       ; 0.000        ; 2.648      ; 3.166      ;
; 0.252 ; i_reset   ; lsu:lsu_top|datamem:mem|data_mem[42][14]  ; i_reset      ; i_clk       ; 0.000        ; 2.648      ; 3.166      ;
; 0.252 ; i_reset   ; lsu:lsu_top|datamem:mem|data_mem[58][15]  ; i_reset      ; i_clk       ; 0.000        ; 2.648      ; 3.166      ;
; 0.252 ; i_reset   ; lsu:lsu_top|datamem:mem|data_mem[42][9]   ; i_reset      ; i_clk       ; 0.000        ; 2.648      ; 3.166      ;
; 0.252 ; i_reset   ; lsu:lsu_top|datamem:mem|data_mem[58][9]   ; i_reset      ; i_clk       ; 0.000        ; 2.648      ; 3.166      ;
; 0.281 ; i_reset   ; lsu:lsu_top|datamem:mem|data_mem[88][3]   ; i_reset      ; i_clk       ; 0.000        ; 2.613      ; 3.160      ;
; 0.281 ; i_reset   ; lsu:lsu_top|datamem:mem|data_mem[24][0]   ; i_reset      ; i_clk       ; 0.000        ; 2.613      ; 3.160      ;
; 0.281 ; i_reset   ; lsu:lsu_top|datamem:mem|data_mem[88][0]   ; i_reset      ; i_clk       ; 0.000        ; 2.613      ; 3.160      ;
; 0.392 ; i_reset   ; lsu:lsu_top|datamem:mem|data_mem[38][10]  ; i_reset      ; i_clk       ; 0.000        ; 2.639      ; 3.297      ;
; 0.392 ; i_reset   ; lsu:lsu_top|datamem:mem|data_mem[39][10]  ; i_reset      ; i_clk       ; 0.000        ; 2.639      ; 3.297      ;
; 0.392 ; i_reset   ; lsu:lsu_top|datamem:mem|data_mem[39][23]  ; i_reset      ; i_clk       ; 0.000        ; 2.639      ; 3.297      ;
; 0.392 ; i_reset   ; lsu:lsu_top|datamem:mem|data_mem[38][7]   ; i_reset      ; i_clk       ; 0.000        ; 2.639      ; 3.297      ;
; 0.392 ; i_reset   ; lsu:lsu_top|datamem:mem|data_mem[39][7]   ; i_reset      ; i_clk       ; 0.000        ; 2.639      ; 3.297      ;
; 0.392 ; i_reset   ; lsu:lsu_top|datamem:mem|data_mem[39][11]  ; i_reset      ; i_clk       ; 0.000        ; 2.639      ; 3.297      ;
; 0.392 ; i_reset   ; lsu:lsu_top|datamem:mem|data_mem[39][25]  ; i_reset      ; i_clk       ; 0.000        ; 2.639      ; 3.297      ;
; 0.392 ; i_reset   ; lsu:lsu_top|datamem:mem|data_mem[39][30]  ; i_reset      ; i_clk       ; 0.000        ; 2.639      ; 3.297      ;
; 0.392 ; i_reset   ; lsu:lsu_top|datamem:mem|data_mem[39][28]  ; i_reset      ; i_clk       ; 0.000        ; 2.639      ; 3.297      ;
; 0.392 ; i_reset   ; lsu:lsu_top|datamem:mem|data_mem[38][12]  ; i_reset      ; i_clk       ; 0.000        ; 2.639      ; 3.297      ;
; 0.392 ; i_reset   ; lsu:lsu_top|datamem:mem|data_mem[39][12]  ; i_reset      ; i_clk       ; 0.000        ; 2.639      ; 3.297      ;
; 0.392 ; i_reset   ; lsu:lsu_top|datamem:mem|data_mem[39][26]  ; i_reset      ; i_clk       ; 0.000        ; 2.639      ; 3.297      ;
; 0.392 ; i_reset   ; lsu:lsu_top|datamem:mem|data_mem[38][21]  ; i_reset      ; i_clk       ; 0.000        ; 2.639      ; 3.297      ;
; 0.392 ; i_reset   ; lsu:lsu_top|datamem:mem|data_mem[39][29]  ; i_reset      ; i_clk       ; 0.000        ; 2.639      ; 3.297      ;
; 0.392 ; i_reset   ; lsu:lsu_top|datamem:mem|data_mem[39][15]  ; i_reset      ; i_clk       ; 0.000        ; 2.639      ; 3.297      ;
; 0.392 ; i_reset   ; lsu:lsu_top|datamem:mem|data_mem[38][9]   ; i_reset      ; i_clk       ; 0.000        ; 2.639      ; 3.297      ;
; 0.431 ; i_reset   ; lsu:lsu_top|datamem:mem|data_mem[38][19]  ; i_reset      ; i_clk       ; 0.000        ; 2.624      ; 3.321      ;
; 0.431 ; i_reset   ; lsu:lsu_top|datamem:mem|data_mem[54][19]  ; i_reset      ; i_clk       ; 0.000        ; 2.624      ; 3.321      ;
; 0.431 ; i_reset   ; lsu:lsu_top|datamem:mem|data_mem[38][11]  ; i_reset      ; i_clk       ; 0.000        ; 2.624      ; 3.321      ;
; 0.431 ; i_reset   ; lsu:lsu_top|datamem:mem|data_mem[38][20]  ; i_reset      ; i_clk       ; 0.000        ; 2.624      ; 3.321      ;
; 0.431 ; i_reset   ; lsu:lsu_top|datamem:mem|data_mem[38][30]  ; i_reset      ; i_clk       ; 0.000        ; 2.624      ; 3.321      ;
; 0.431 ; i_reset   ; lsu:lsu_top|datamem:mem|data_mem[54][30]  ; i_reset      ; i_clk       ; 0.000        ; 2.624      ; 3.321      ;
; 0.431 ; i_reset   ; lsu:lsu_top|datamem:mem|data_mem[38][4]   ; i_reset      ; i_clk       ; 0.000        ; 2.624      ; 3.321      ;
; 0.431 ; i_reset   ; lsu:lsu_top|datamem:mem|data_mem[38][2]   ; i_reset      ; i_clk       ; 0.000        ; 2.624      ; 3.321      ;
; 0.431 ; i_reset   ; lsu:lsu_top|datamem:mem|data_mem[38][13]  ; i_reset      ; i_clk       ; 0.000        ; 2.624      ; 3.321      ;
; 0.431 ; i_reset   ; lsu:lsu_top|datamem:mem|data_mem[38][5]   ; i_reset      ; i_clk       ; 0.000        ; 2.624      ; 3.321      ;
; 0.431 ; i_reset   ; lsu:lsu_top|datamem:mem|data_mem[38][29]  ; i_reset      ; i_clk       ; 0.000        ; 2.624      ; 3.321      ;
; 0.431 ; i_reset   ; lsu:lsu_top|datamem:mem|data_mem[38][17]  ; i_reset      ; i_clk       ; 0.000        ; 2.624      ; 3.321      ;
; 0.431 ; i_reset   ; lsu:lsu_top|datamem:mem|data_mem[54][17]  ; i_reset      ; i_clk       ; 0.000        ; 2.624      ; 3.321      ;
; 0.431 ; i_reset   ; lsu:lsu_top|datamem:mem|data_mem[38][15]  ; i_reset      ; i_clk       ; 0.000        ; 2.624      ; 3.321      ;
; 0.431 ; i_reset   ; lsu:lsu_top|datamem:mem|data_mem[38][0]   ; i_reset      ; i_clk       ; 0.000        ; 2.624      ; 3.321      ;
; 0.448 ; i_reset   ; lsu:lsu_top|datamem:mem|data_mem[57][10]  ; i_reset      ; i_clk       ; 0.000        ; 2.641      ; 3.355      ;
; 0.448 ; i_reset   ; lsu:lsu_top|datamem:mem|data_mem[57][31]  ; i_reset      ; i_clk       ; 0.000        ; 2.641      ; 3.355      ;
; 0.448 ; i_reset   ; lsu:lsu_top|datamem:mem|data_mem[57][25]  ; i_reset      ; i_clk       ; 0.000        ; 2.641      ; 3.355      ;
; 0.448 ; i_reset   ; lsu:lsu_top|datamem:mem|data_mem[57][14]  ; i_reset      ; i_clk       ; 0.000        ; 2.641      ; 3.355      ;
; 0.448 ; i_reset   ; lsu:lsu_top|datamem:mem|data_mem[57][22]  ; i_reset      ; i_clk       ; 0.000        ; 2.641      ; 3.355      ;
; 0.448 ; i_reset   ; lsu:lsu_top|datamem:mem|data_mem[57][28]  ; i_reset      ; i_clk       ; 0.000        ; 2.641      ; 3.355      ;
; 0.448 ; i_reset   ; lsu:lsu_top|datamem:mem|data_mem[57][4]   ; i_reset      ; i_clk       ; 0.000        ; 2.641      ; 3.355      ;
; 0.448 ; i_reset   ; lsu:lsu_top|datamem:mem|data_mem[57][18]  ; i_reset      ; i_clk       ; 0.000        ; 2.641      ; 3.355      ;
+-------+-----------+-------------------------------------------+--------------+-------------+--------------+------------+------------+


+--------------------------------------------------------------------------------------------------------------------------+
; Slow Model Minimum Pulse Width: 'i_clk'                                                                                  ;
+--------+--------------+----------------+------------------+-------+------------+-----------------------------------------+
; Slack  ; Actual Width ; Required Width ; Type             ; Clock ; Clock Edge ; Target                                  ;
+--------+--------------+----------------+------------------+-------+------------+-----------------------------------------+
; -1.380 ; 1.000        ; 2.380          ; Port Rate        ; i_clk ; Rise       ; i_clk                                   ;
; -0.500 ; 0.500        ; 1.000          ; High Pulse Width ; i_clk ; Rise       ; lsu:lsu_top|INPUT[0]                    ;
; -0.500 ; 0.500        ; 1.000          ; Low Pulse Width  ; i_clk ; Rise       ; lsu:lsu_top|INPUT[0]                    ;
; -0.500 ; 0.500        ; 1.000          ; High Pulse Width ; i_clk ; Rise       ; lsu:lsu_top|INPUT[10]                   ;
; -0.500 ; 0.500        ; 1.000          ; Low Pulse Width  ; i_clk ; Rise       ; lsu:lsu_top|INPUT[10]                   ;
; -0.500 ; 0.500        ; 1.000          ; High Pulse Width ; i_clk ; Rise       ; lsu:lsu_top|INPUT[11]                   ;
; -0.500 ; 0.500        ; 1.000          ; Low Pulse Width  ; i_clk ; Rise       ; lsu:lsu_top|INPUT[11]                   ;
; -0.500 ; 0.500        ; 1.000          ; High Pulse Width ; i_clk ; Rise       ; lsu:lsu_top|INPUT[12]                   ;
; -0.500 ; 0.500        ; 1.000          ; Low Pulse Width  ; i_clk ; Rise       ; lsu:lsu_top|INPUT[12]                   ;
; -0.500 ; 0.500        ; 1.000          ; High Pulse Width ; i_clk ; Rise       ; lsu:lsu_top|INPUT[13]                   ;
; -0.500 ; 0.500        ; 1.000          ; Low Pulse Width  ; i_clk ; Rise       ; lsu:lsu_top|INPUT[13]                   ;
; -0.500 ; 0.500        ; 1.000          ; High Pulse Width ; i_clk ; Rise       ; lsu:lsu_top|INPUT[14]                   ;
; -0.500 ; 0.500        ; 1.000          ; Low Pulse Width  ; i_clk ; Rise       ; lsu:lsu_top|INPUT[14]                   ;
; -0.500 ; 0.500        ; 1.000          ; High Pulse Width ; i_clk ; Rise       ; lsu:lsu_top|INPUT[15]                   ;
; -0.500 ; 0.500        ; 1.000          ; Low Pulse Width  ; i_clk ; Rise       ; lsu:lsu_top|INPUT[15]                   ;
; -0.500 ; 0.500        ; 1.000          ; High Pulse Width ; i_clk ; Rise       ; lsu:lsu_top|INPUT[16]                   ;
; -0.500 ; 0.500        ; 1.000          ; Low Pulse Width  ; i_clk ; Rise       ; lsu:lsu_top|INPUT[16]                   ;
; -0.500 ; 0.500        ; 1.000          ; High Pulse Width ; i_clk ; Rise       ; lsu:lsu_top|INPUT[17]                   ;
; -0.500 ; 0.500        ; 1.000          ; Low Pulse Width  ; i_clk ; Rise       ; lsu:lsu_top|INPUT[17]                   ;
; -0.500 ; 0.500        ; 1.000          ; High Pulse Width ; i_clk ; Rise       ; lsu:lsu_top|INPUT[18]                   ;
; -0.500 ; 0.500        ; 1.000          ; Low Pulse Width  ; i_clk ; Rise       ; lsu:lsu_top|INPUT[18]                   ;
; -0.500 ; 0.500        ; 1.000          ; High Pulse Width ; i_clk ; Rise       ; lsu:lsu_top|INPUT[19]                   ;
; -0.500 ; 0.500        ; 1.000          ; Low Pulse Width  ; i_clk ; Rise       ; lsu:lsu_top|INPUT[19]                   ;
; -0.500 ; 0.500        ; 1.000          ; High Pulse Width ; i_clk ; Rise       ; lsu:lsu_top|INPUT[1]                    ;
; -0.500 ; 0.500        ; 1.000          ; Low Pulse Width  ; i_clk ; Rise       ; lsu:lsu_top|INPUT[1]                    ;
; -0.500 ; 0.500        ; 1.000          ; High Pulse Width ; i_clk ; Rise       ; lsu:lsu_top|INPUT[20]                   ;
; -0.500 ; 0.500        ; 1.000          ; Low Pulse Width  ; i_clk ; Rise       ; lsu:lsu_top|INPUT[20]                   ;
; -0.500 ; 0.500        ; 1.000          ; High Pulse Width ; i_clk ; Rise       ; lsu:lsu_top|INPUT[21]                   ;
; -0.500 ; 0.500        ; 1.000          ; Low Pulse Width  ; i_clk ; Rise       ; lsu:lsu_top|INPUT[21]                   ;
; -0.500 ; 0.500        ; 1.000          ; High Pulse Width ; i_clk ; Rise       ; lsu:lsu_top|INPUT[22]                   ;
; -0.500 ; 0.500        ; 1.000          ; Low Pulse Width  ; i_clk ; Rise       ; lsu:lsu_top|INPUT[22]                   ;
; -0.500 ; 0.500        ; 1.000          ; High Pulse Width ; i_clk ; Rise       ; lsu:lsu_top|INPUT[23]                   ;
; -0.500 ; 0.500        ; 1.000          ; Low Pulse Width  ; i_clk ; Rise       ; lsu:lsu_top|INPUT[23]                   ;
; -0.500 ; 0.500        ; 1.000          ; High Pulse Width ; i_clk ; Rise       ; lsu:lsu_top|INPUT[24]                   ;
; -0.500 ; 0.500        ; 1.000          ; Low Pulse Width  ; i_clk ; Rise       ; lsu:lsu_top|INPUT[24]                   ;
; -0.500 ; 0.500        ; 1.000          ; High Pulse Width ; i_clk ; Rise       ; lsu:lsu_top|INPUT[25]                   ;
; -0.500 ; 0.500        ; 1.000          ; Low Pulse Width  ; i_clk ; Rise       ; lsu:lsu_top|INPUT[25]                   ;
; -0.500 ; 0.500        ; 1.000          ; High Pulse Width ; i_clk ; Rise       ; lsu:lsu_top|INPUT[26]                   ;
; -0.500 ; 0.500        ; 1.000          ; Low Pulse Width  ; i_clk ; Rise       ; lsu:lsu_top|INPUT[26]                   ;
; -0.500 ; 0.500        ; 1.000          ; High Pulse Width ; i_clk ; Rise       ; lsu:lsu_top|INPUT[27]                   ;
; -0.500 ; 0.500        ; 1.000          ; Low Pulse Width  ; i_clk ; Rise       ; lsu:lsu_top|INPUT[27]                   ;
; -0.500 ; 0.500        ; 1.000          ; High Pulse Width ; i_clk ; Rise       ; lsu:lsu_top|INPUT[28]                   ;
; -0.500 ; 0.500        ; 1.000          ; Low Pulse Width  ; i_clk ; Rise       ; lsu:lsu_top|INPUT[28]                   ;
; -0.500 ; 0.500        ; 1.000          ; High Pulse Width ; i_clk ; Rise       ; lsu:lsu_top|INPUT[29]                   ;
; -0.500 ; 0.500        ; 1.000          ; Low Pulse Width  ; i_clk ; Rise       ; lsu:lsu_top|INPUT[29]                   ;
; -0.500 ; 0.500        ; 1.000          ; High Pulse Width ; i_clk ; Rise       ; lsu:lsu_top|INPUT[2]                    ;
; -0.500 ; 0.500        ; 1.000          ; Low Pulse Width  ; i_clk ; Rise       ; lsu:lsu_top|INPUT[2]                    ;
; -0.500 ; 0.500        ; 1.000          ; High Pulse Width ; i_clk ; Rise       ; lsu:lsu_top|INPUT[30]                   ;
; -0.500 ; 0.500        ; 1.000          ; Low Pulse Width  ; i_clk ; Rise       ; lsu:lsu_top|INPUT[30]                   ;
; -0.500 ; 0.500        ; 1.000          ; High Pulse Width ; i_clk ; Rise       ; lsu:lsu_top|INPUT[31]                   ;
; -0.500 ; 0.500        ; 1.000          ; Low Pulse Width  ; i_clk ; Rise       ; lsu:lsu_top|INPUT[31]                   ;
; -0.500 ; 0.500        ; 1.000          ; High Pulse Width ; i_clk ; Rise       ; lsu:lsu_top|INPUT[3]                    ;
; -0.500 ; 0.500        ; 1.000          ; Low Pulse Width  ; i_clk ; Rise       ; lsu:lsu_top|INPUT[3]                    ;
; -0.500 ; 0.500        ; 1.000          ; High Pulse Width ; i_clk ; Rise       ; lsu:lsu_top|INPUT[4]                    ;
; -0.500 ; 0.500        ; 1.000          ; Low Pulse Width  ; i_clk ; Rise       ; lsu:lsu_top|INPUT[4]                    ;
; -0.500 ; 0.500        ; 1.000          ; High Pulse Width ; i_clk ; Rise       ; lsu:lsu_top|INPUT[5]                    ;
; -0.500 ; 0.500        ; 1.000          ; Low Pulse Width  ; i_clk ; Rise       ; lsu:lsu_top|INPUT[5]                    ;
; -0.500 ; 0.500        ; 1.000          ; High Pulse Width ; i_clk ; Rise       ; lsu:lsu_top|INPUT[6]                    ;
; -0.500 ; 0.500        ; 1.000          ; Low Pulse Width  ; i_clk ; Rise       ; lsu:lsu_top|INPUT[6]                    ;
; -0.500 ; 0.500        ; 1.000          ; High Pulse Width ; i_clk ; Rise       ; lsu:lsu_top|INPUT[7]                    ;
; -0.500 ; 0.500        ; 1.000          ; Low Pulse Width  ; i_clk ; Rise       ; lsu:lsu_top|INPUT[7]                    ;
; -0.500 ; 0.500        ; 1.000          ; High Pulse Width ; i_clk ; Rise       ; lsu:lsu_top|INPUT[8]                    ;
; -0.500 ; 0.500        ; 1.000          ; Low Pulse Width  ; i_clk ; Rise       ; lsu:lsu_top|INPUT[8]                    ;
; -0.500 ; 0.500        ; 1.000          ; High Pulse Width ; i_clk ; Rise       ; lsu:lsu_top|INPUT[9]                    ;
; -0.500 ; 0.500        ; 1.000          ; Low Pulse Width  ; i_clk ; Rise       ; lsu:lsu_top|INPUT[9]                    ;
; -0.500 ; 0.500        ; 1.000          ; High Pulse Width ; i_clk ; Rise       ; lsu:lsu_top|datamem:mem|data_mem[0][0]  ;
; -0.500 ; 0.500        ; 1.000          ; Low Pulse Width  ; i_clk ; Rise       ; lsu:lsu_top|datamem:mem|data_mem[0][0]  ;
; -0.500 ; 0.500        ; 1.000          ; High Pulse Width ; i_clk ; Rise       ; lsu:lsu_top|datamem:mem|data_mem[0][10] ;
; -0.500 ; 0.500        ; 1.000          ; Low Pulse Width  ; i_clk ; Rise       ; lsu:lsu_top|datamem:mem|data_mem[0][10] ;
; -0.500 ; 0.500        ; 1.000          ; High Pulse Width ; i_clk ; Rise       ; lsu:lsu_top|datamem:mem|data_mem[0][11] ;
; -0.500 ; 0.500        ; 1.000          ; Low Pulse Width  ; i_clk ; Rise       ; lsu:lsu_top|datamem:mem|data_mem[0][11] ;
; -0.500 ; 0.500        ; 1.000          ; High Pulse Width ; i_clk ; Rise       ; lsu:lsu_top|datamem:mem|data_mem[0][12] ;
; -0.500 ; 0.500        ; 1.000          ; Low Pulse Width  ; i_clk ; Rise       ; lsu:lsu_top|datamem:mem|data_mem[0][12] ;
; -0.500 ; 0.500        ; 1.000          ; High Pulse Width ; i_clk ; Rise       ; lsu:lsu_top|datamem:mem|data_mem[0][13] ;
; -0.500 ; 0.500        ; 1.000          ; Low Pulse Width  ; i_clk ; Rise       ; lsu:lsu_top|datamem:mem|data_mem[0][13] ;
; -0.500 ; 0.500        ; 1.000          ; High Pulse Width ; i_clk ; Rise       ; lsu:lsu_top|datamem:mem|data_mem[0][14] ;
; -0.500 ; 0.500        ; 1.000          ; Low Pulse Width  ; i_clk ; Rise       ; lsu:lsu_top|datamem:mem|data_mem[0][14] ;
; -0.500 ; 0.500        ; 1.000          ; High Pulse Width ; i_clk ; Rise       ; lsu:lsu_top|datamem:mem|data_mem[0][15] ;
; -0.500 ; 0.500        ; 1.000          ; Low Pulse Width  ; i_clk ; Rise       ; lsu:lsu_top|datamem:mem|data_mem[0][15] ;
; -0.500 ; 0.500        ; 1.000          ; High Pulse Width ; i_clk ; Rise       ; lsu:lsu_top|datamem:mem|data_mem[0][16] ;
; -0.500 ; 0.500        ; 1.000          ; Low Pulse Width  ; i_clk ; Rise       ; lsu:lsu_top|datamem:mem|data_mem[0][16] ;
; -0.500 ; 0.500        ; 1.000          ; High Pulse Width ; i_clk ; Rise       ; lsu:lsu_top|datamem:mem|data_mem[0][17] ;
; -0.500 ; 0.500        ; 1.000          ; Low Pulse Width  ; i_clk ; Rise       ; lsu:lsu_top|datamem:mem|data_mem[0][17] ;
; -0.500 ; 0.500        ; 1.000          ; High Pulse Width ; i_clk ; Rise       ; lsu:lsu_top|datamem:mem|data_mem[0][18] ;
; -0.500 ; 0.500        ; 1.000          ; Low Pulse Width  ; i_clk ; Rise       ; lsu:lsu_top|datamem:mem|data_mem[0][18] ;
; -0.500 ; 0.500        ; 1.000          ; High Pulse Width ; i_clk ; Rise       ; lsu:lsu_top|datamem:mem|data_mem[0][19] ;
; -0.500 ; 0.500        ; 1.000          ; Low Pulse Width  ; i_clk ; Rise       ; lsu:lsu_top|datamem:mem|data_mem[0][19] ;
; -0.500 ; 0.500        ; 1.000          ; High Pulse Width ; i_clk ; Rise       ; lsu:lsu_top|datamem:mem|data_mem[0][1]  ;
; -0.500 ; 0.500        ; 1.000          ; Low Pulse Width  ; i_clk ; Rise       ; lsu:lsu_top|datamem:mem|data_mem[0][1]  ;
; -0.500 ; 0.500        ; 1.000          ; High Pulse Width ; i_clk ; Rise       ; lsu:lsu_top|datamem:mem|data_mem[0][20] ;
; -0.500 ; 0.500        ; 1.000          ; Low Pulse Width  ; i_clk ; Rise       ; lsu:lsu_top|datamem:mem|data_mem[0][20] ;
; -0.500 ; 0.500        ; 1.000          ; High Pulse Width ; i_clk ; Rise       ; lsu:lsu_top|datamem:mem|data_mem[0][21] ;
; -0.500 ; 0.500        ; 1.000          ; Low Pulse Width  ; i_clk ; Rise       ; lsu:lsu_top|datamem:mem|data_mem[0][21] ;
; -0.500 ; 0.500        ; 1.000          ; High Pulse Width ; i_clk ; Rise       ; lsu:lsu_top|datamem:mem|data_mem[0][22] ;
; -0.500 ; 0.500        ; 1.000          ; Low Pulse Width  ; i_clk ; Rise       ; lsu:lsu_top|datamem:mem|data_mem[0][22] ;
; -0.500 ; 0.500        ; 1.000          ; High Pulse Width ; i_clk ; Rise       ; lsu:lsu_top|datamem:mem|data_mem[0][23] ;
; -0.500 ; 0.500        ; 1.000          ; Low Pulse Width  ; i_clk ; Rise       ; lsu:lsu_top|datamem:mem|data_mem[0][23] ;
; -0.500 ; 0.500        ; 1.000          ; High Pulse Width ; i_clk ; Rise       ; lsu:lsu_top|datamem:mem|data_mem[0][24] ;
; -0.500 ; 0.500        ; 1.000          ; Low Pulse Width  ; i_clk ; Rise       ; lsu:lsu_top|datamem:mem|data_mem[0][24] ;
; -0.500 ; 0.500        ; 1.000          ; High Pulse Width ; i_clk ; Rise       ; lsu:lsu_top|datamem:mem|data_mem[0][25] ;
+--------+--------------+----------------+------------------+-------+------------+-----------------------------------------+


+-------------------------------------------------------------------------------------------------------+
; Slow Model Minimum Pulse Width: 'i_reset'                                                             ;
+--------+--------------+----------------+------------------+---------+------------+--------------------+
; Slack  ; Actual Width ; Required Width ; Type             ; Clock   ; Clock Edge ; Target             ;
+--------+--------------+----------------+------------------+---------+------------+--------------------+
; -1.222 ; 1.000        ; 2.222          ; Port Rate        ; i_reset ; Rise       ; i_reset            ;
; 0.500  ; 0.500        ; 0.000          ; High Pulse Width ; i_reset ; Rise       ; i_reset|combout    ;
; 0.500  ; 0.500        ; 0.000          ; Low Pulse Width  ; i_reset ; Rise       ; i_reset|combout    ;
; 0.500  ; 0.500        ; 0.000          ; High Pulse Width ; i_reset ; Fall       ; o_inst_vld~1       ;
; 0.500  ; 0.500        ; 0.000          ; Low Pulse Width  ; i_reset ; Fall       ; o_inst_vld~1       ;
; 0.500  ; 0.500        ; 0.000          ; High Pulse Width ; i_reset ; Rise       ; o_inst_vld~1|datac ;
; 0.500  ; 0.500        ; 0.000          ; Low Pulse Width  ; i_reset ; Rise       ; o_inst_vld~1|datac ;
+--------+--------------+----------------+------------------+---------+------------+--------------------+


+----------------------------------------------------------------------------+
; Setup Times                                                                ;
+--------------+------------+--------+--------+------------+-----------------+
; Data Port    ; Clock Port ; Rise   ; Fall   ; Clock Edge ; Clock Reference ;
+--------------+------------+--------+--------+------------+-----------------+
; i_io_sw[*]   ; i_clk      ; 9.484  ; 9.484  ; Rise       ; i_clk           ;
;  i_io_sw[0]  ; i_clk      ; 4.137  ; 4.137  ; Rise       ; i_clk           ;
;  i_io_sw[1]  ; i_clk      ; 1.307  ; 1.307  ; Rise       ; i_clk           ;
;  i_io_sw[2]  ; i_clk      ; 0.200  ; 0.200  ; Rise       ; i_clk           ;
;  i_io_sw[3]  ; i_clk      ; 0.480  ; 0.480  ; Rise       ; i_clk           ;
;  i_io_sw[4]  ; i_clk      ; 0.151  ; 0.151  ; Rise       ; i_clk           ;
;  i_io_sw[5]  ; i_clk      ; 0.938  ; 0.938  ; Rise       ; i_clk           ;
;  i_io_sw[6]  ; i_clk      ; 1.538  ; 1.538  ; Rise       ; i_clk           ;
;  i_io_sw[7]  ; i_clk      ; 0.279  ; 0.279  ; Rise       ; i_clk           ;
;  i_io_sw[8]  ; i_clk      ; -0.130 ; -0.130 ; Rise       ; i_clk           ;
;  i_io_sw[9]  ; i_clk      ; -0.714 ; -0.714 ; Rise       ; i_clk           ;
;  i_io_sw[10] ; i_clk      ; 6.135  ; 6.135  ; Rise       ; i_clk           ;
;  i_io_sw[11] ; i_clk      ; 4.474  ; 4.474  ; Rise       ; i_clk           ;
;  i_io_sw[12] ; i_clk      ; 0.956  ; 0.956  ; Rise       ; i_clk           ;
;  i_io_sw[13] ; i_clk      ; 2.885  ; 2.885  ; Rise       ; i_clk           ;
;  i_io_sw[14] ; i_clk      ; 6.356  ; 6.356  ; Rise       ; i_clk           ;
;  i_io_sw[15] ; i_clk      ; 8.621  ; 8.621  ; Rise       ; i_clk           ;
;  i_io_sw[16] ; i_clk      ; 9.484  ; 9.484  ; Rise       ; i_clk           ;
;  i_io_sw[17] ; i_clk      ; 8.415  ; 8.415  ; Rise       ; i_clk           ;
;  i_io_sw[18] ; i_clk      ; 5.674  ; 5.674  ; Rise       ; i_clk           ;
;  i_io_sw[19] ; i_clk      ; 4.190  ; 4.190  ; Rise       ; i_clk           ;
;  i_io_sw[20] ; i_clk      ; 3.637  ; 3.637  ; Rise       ; i_clk           ;
;  i_io_sw[21] ; i_clk      ; 3.197  ; 3.197  ; Rise       ; i_clk           ;
;  i_io_sw[22] ; i_clk      ; 3.212  ; 3.212  ; Rise       ; i_clk           ;
;  i_io_sw[23] ; i_clk      ; 2.883  ; 2.883  ; Rise       ; i_clk           ;
;  i_io_sw[24] ; i_clk      ; 5.379  ; 5.379  ; Rise       ; i_clk           ;
;  i_io_sw[25] ; i_clk      ; 3.192  ; 3.192  ; Rise       ; i_clk           ;
;  i_io_sw[26] ; i_clk      ; 3.204  ; 3.204  ; Rise       ; i_clk           ;
;  i_io_sw[27] ; i_clk      ; 3.708  ; 3.708  ; Rise       ; i_clk           ;
;  i_io_sw[28] ; i_clk      ; 2.857  ; 2.857  ; Rise       ; i_clk           ;
;  i_io_sw[29] ; i_clk      ; 4.696  ; 4.696  ; Rise       ; i_clk           ;
;  i_io_sw[30] ; i_clk      ; 2.877  ; 2.877  ; Rise       ; i_clk           ;
;  i_io_sw[31] ; i_clk      ; 3.751  ; 3.751  ; Rise       ; i_clk           ;
; i_reset      ; i_clk      ; 8.298  ; 8.298  ; Rise       ; i_clk           ;
+--------------+------------+--------+--------+------------+-----------------+


+----------------------------------------------------------------------------+
; Hold Times                                                                 ;
+--------------+------------+--------+--------+------------+-----------------+
; Data Port    ; Clock Port ; Rise   ; Fall   ; Clock Edge ; Clock Reference ;
+--------------+------------+--------+--------+------------+-----------------+
; i_io_sw[*]   ; i_clk      ; 0.944  ; 0.944  ; Rise       ; i_clk           ;
;  i_io_sw[0]  ; i_clk      ; -3.907 ; -3.907 ; Rise       ; i_clk           ;
;  i_io_sw[1]  ; i_clk      ; -1.077 ; -1.077 ; Rise       ; i_clk           ;
;  i_io_sw[2]  ; i_clk      ; 0.030  ; 0.030  ; Rise       ; i_clk           ;
;  i_io_sw[3]  ; i_clk      ; -0.250 ; -0.250 ; Rise       ; i_clk           ;
;  i_io_sw[4]  ; i_clk      ; 0.079  ; 0.079  ; Rise       ; i_clk           ;
;  i_io_sw[5]  ; i_clk      ; -0.708 ; -0.708 ; Rise       ; i_clk           ;
;  i_io_sw[6]  ; i_clk      ; -1.308 ; -1.308 ; Rise       ; i_clk           ;
;  i_io_sw[7]  ; i_clk      ; -0.049 ; -0.049 ; Rise       ; i_clk           ;
;  i_io_sw[8]  ; i_clk      ; 0.360  ; 0.360  ; Rise       ; i_clk           ;
;  i_io_sw[9]  ; i_clk      ; 0.944  ; 0.944  ; Rise       ; i_clk           ;
;  i_io_sw[10] ; i_clk      ; -5.905 ; -5.905 ; Rise       ; i_clk           ;
;  i_io_sw[11] ; i_clk      ; -4.244 ; -4.244 ; Rise       ; i_clk           ;
;  i_io_sw[12] ; i_clk      ; -0.726 ; -0.726 ; Rise       ; i_clk           ;
;  i_io_sw[13] ; i_clk      ; -2.655 ; -2.655 ; Rise       ; i_clk           ;
;  i_io_sw[14] ; i_clk      ; -6.126 ; -6.126 ; Rise       ; i_clk           ;
;  i_io_sw[15] ; i_clk      ; -8.391 ; -8.391 ; Rise       ; i_clk           ;
;  i_io_sw[16] ; i_clk      ; -9.254 ; -9.254 ; Rise       ; i_clk           ;
;  i_io_sw[17] ; i_clk      ; -8.185 ; -8.185 ; Rise       ; i_clk           ;
;  i_io_sw[18] ; i_clk      ; -5.444 ; -5.444 ; Rise       ; i_clk           ;
;  i_io_sw[19] ; i_clk      ; -3.960 ; -3.960 ; Rise       ; i_clk           ;
;  i_io_sw[20] ; i_clk      ; -3.407 ; -3.407 ; Rise       ; i_clk           ;
;  i_io_sw[21] ; i_clk      ; -2.967 ; -2.967 ; Rise       ; i_clk           ;
;  i_io_sw[22] ; i_clk      ; -2.982 ; -2.982 ; Rise       ; i_clk           ;
;  i_io_sw[23] ; i_clk      ; -2.653 ; -2.653 ; Rise       ; i_clk           ;
;  i_io_sw[24] ; i_clk      ; -5.149 ; -5.149 ; Rise       ; i_clk           ;
;  i_io_sw[25] ; i_clk      ; -2.962 ; -2.962 ; Rise       ; i_clk           ;
;  i_io_sw[26] ; i_clk      ; -2.974 ; -2.974 ; Rise       ; i_clk           ;
;  i_io_sw[27] ; i_clk      ; -3.478 ; -3.478 ; Rise       ; i_clk           ;
;  i_io_sw[28] ; i_clk      ; -2.627 ; -2.627 ; Rise       ; i_clk           ;
;  i_io_sw[29] ; i_clk      ; -4.466 ; -4.466 ; Rise       ; i_clk           ;
;  i_io_sw[30] ; i_clk      ; -2.647 ; -2.647 ; Rise       ; i_clk           ;
;  i_io_sw[31] ; i_clk      ; -3.521 ; -3.521 ; Rise       ; i_clk           ;
; i_reset      ; i_clk      ; -2.078 ; -2.078 ; Rise       ; i_clk           ;
+--------------+------------+--------+--------+------------+-----------------+


+-------------------------------------------------------------------------------+
; Clock to Output Times                                                         ;
+-----------------+------------+--------+--------+------------+-----------------+
; Data Port       ; Clock Port ; Rise   ; Fall   ; Clock Edge ; Clock Reference ;
+-----------------+------------+--------+--------+------------+-----------------+
; o_inst_vld      ; i_clk      ; 15.682 ; 15.682 ; Rise       ; i_clk           ;
; o_io_hex0[*]    ; i_clk      ; 12.156 ; 12.156 ; Rise       ; i_clk           ;
;  o_io_hex0[0]   ; i_clk      ; 6.927  ; 6.927  ; Rise       ; i_clk           ;
;  o_io_hex0[1]   ; i_clk      ; 10.690 ; 10.690 ; Rise       ; i_clk           ;
;  o_io_hex0[2]   ; i_clk      ; 9.387  ; 9.387  ; Rise       ; i_clk           ;
;  o_io_hex0[3]   ; i_clk      ; 8.987  ; 8.987  ; Rise       ; i_clk           ;
;  o_io_hex0[4]   ; i_clk      ; 9.123  ; 9.123  ; Rise       ; i_clk           ;
;  o_io_hex0[5]   ; i_clk      ; 12.156 ; 12.156 ; Rise       ; i_clk           ;
;  o_io_hex0[6]   ; i_clk      ; 12.141 ; 12.141 ; Rise       ; i_clk           ;
; o_io_hex1[*]    ; i_clk      ; 13.355 ; 13.355 ; Rise       ; i_clk           ;
;  o_io_hex1[0]   ; i_clk      ; 10.172 ; 10.172 ; Rise       ; i_clk           ;
;  o_io_hex1[1]   ; i_clk      ; 12.347 ; 12.347 ; Rise       ; i_clk           ;
;  o_io_hex1[2]   ; i_clk      ; 13.279 ; 13.279 ; Rise       ; i_clk           ;
;  o_io_hex1[3]   ; i_clk      ; 10.514 ; 10.514 ; Rise       ; i_clk           ;
;  o_io_hex1[4]   ; i_clk      ; 11.842 ; 11.842 ; Rise       ; i_clk           ;
;  o_io_hex1[5]   ; i_clk      ; 13.355 ; 13.355 ; Rise       ; i_clk           ;
;  o_io_hex1[6]   ; i_clk      ; 12.476 ; 12.476 ; Rise       ; i_clk           ;
; o_io_hex2[*]    ; i_clk      ; 13.917 ; 13.917 ; Rise       ; i_clk           ;
;  o_io_hex2[0]   ; i_clk      ; 12.872 ; 12.872 ; Rise       ; i_clk           ;
;  o_io_hex2[1]   ; i_clk      ; 10.727 ; 10.727 ; Rise       ; i_clk           ;
;  o_io_hex2[2]   ; i_clk      ; 8.800  ; 8.800  ; Rise       ; i_clk           ;
;  o_io_hex2[3]   ; i_clk      ; 12.221 ; 12.221 ; Rise       ; i_clk           ;
;  o_io_hex2[4]   ; i_clk      ; 13.917 ; 13.917 ; Rise       ; i_clk           ;
;  o_io_hex2[5]   ; i_clk      ; 9.531  ; 9.531  ; Rise       ; i_clk           ;
;  o_io_hex2[6]   ; i_clk      ; 12.941 ; 12.941 ; Rise       ; i_clk           ;
; o_io_hex3[*]    ; i_clk      ; 13.269 ; 13.269 ; Rise       ; i_clk           ;
;  o_io_hex3[0]   ; i_clk      ; 13.269 ; 13.269 ; Rise       ; i_clk           ;
;  o_io_hex3[1]   ; i_clk      ; 11.998 ; 11.998 ; Rise       ; i_clk           ;
;  o_io_hex3[2]   ; i_clk      ; 11.933 ; 11.933 ; Rise       ; i_clk           ;
;  o_io_hex3[3]   ; i_clk      ; 12.164 ; 12.164 ; Rise       ; i_clk           ;
;  o_io_hex3[4]   ; i_clk      ; 10.791 ; 10.791 ; Rise       ; i_clk           ;
;  o_io_hex3[5]   ; i_clk      ; 12.485 ; 12.485 ; Rise       ; i_clk           ;
;  o_io_hex3[6]   ; i_clk      ; 10.310 ; 10.310 ; Rise       ; i_clk           ;
; o_io_hex4[*]    ; i_clk      ; 12.532 ; 12.532 ; Rise       ; i_clk           ;
;  o_io_hex4[0]   ; i_clk      ; 10.660 ; 10.660 ; Rise       ; i_clk           ;
;  o_io_hex4[1]   ; i_clk      ; 11.890 ; 11.890 ; Rise       ; i_clk           ;
;  o_io_hex4[2]   ; i_clk      ; 11.400 ; 11.400 ; Rise       ; i_clk           ;
;  o_io_hex4[3]   ; i_clk      ; 12.532 ; 12.532 ; Rise       ; i_clk           ;
;  o_io_hex4[4]   ; i_clk      ; 11.233 ; 11.233 ; Rise       ; i_clk           ;
;  o_io_hex4[5]   ; i_clk      ; 12.055 ; 12.055 ; Rise       ; i_clk           ;
;  o_io_hex4[6]   ; i_clk      ; 11.371 ; 11.371 ; Rise       ; i_clk           ;
; o_io_hex5[*]    ; i_clk      ; 13.079 ; 13.079 ; Rise       ; i_clk           ;
;  o_io_hex5[0]   ; i_clk      ; 11.731 ; 11.731 ; Rise       ; i_clk           ;
;  o_io_hex5[1]   ; i_clk      ; 12.131 ; 12.131 ; Rise       ; i_clk           ;
;  o_io_hex5[2]   ; i_clk      ; 13.079 ; 13.079 ; Rise       ; i_clk           ;
;  o_io_hex5[3]   ; i_clk      ; 10.649 ; 10.649 ; Rise       ; i_clk           ;
;  o_io_hex5[4]   ; i_clk      ; 10.095 ; 10.095 ; Rise       ; i_clk           ;
;  o_io_hex5[5]   ; i_clk      ; 10.935 ; 10.935 ; Rise       ; i_clk           ;
;  o_io_hex5[6]   ; i_clk      ; 10.826 ; 10.826 ; Rise       ; i_clk           ;
; o_io_hex6[*]    ; i_clk      ; 11.967 ; 11.967 ; Rise       ; i_clk           ;
;  o_io_hex6[0]   ; i_clk      ; 11.128 ; 11.128 ; Rise       ; i_clk           ;
;  o_io_hex6[1]   ; i_clk      ; 11.542 ; 11.542 ; Rise       ; i_clk           ;
;  o_io_hex6[2]   ; i_clk      ; 9.148  ; 9.148  ; Rise       ; i_clk           ;
;  o_io_hex6[3]   ; i_clk      ; 9.885  ; 9.885  ; Rise       ; i_clk           ;
;  o_io_hex6[4]   ; i_clk      ; 9.130  ; 9.130  ; Rise       ; i_clk           ;
;  o_io_hex6[5]   ; i_clk      ; 10.481 ; 10.481 ; Rise       ; i_clk           ;
;  o_io_hex6[6]   ; i_clk      ; 11.967 ; 11.967 ; Rise       ; i_clk           ;
; o_io_hex7[*]    ; i_clk      ; 14.733 ; 14.733 ; Rise       ; i_clk           ;
;  o_io_hex7[0]   ; i_clk      ; 14.733 ; 14.733 ; Rise       ; i_clk           ;
;  o_io_hex7[1]   ; i_clk      ; 10.578 ; 10.578 ; Rise       ; i_clk           ;
;  o_io_hex7[2]   ; i_clk      ; 8.109  ; 8.109  ; Rise       ; i_clk           ;
;  o_io_hex7[3]   ; i_clk      ; 9.079  ; 9.079  ; Rise       ; i_clk           ;
;  o_io_hex7[4]   ; i_clk      ; 9.123  ; 9.123  ; Rise       ; i_clk           ;
;  o_io_hex7[5]   ; i_clk      ; 10.837 ; 10.837 ; Rise       ; i_clk           ;
;  o_io_hex7[6]   ; i_clk      ; 11.303 ; 11.303 ; Rise       ; i_clk           ;
; o_io_lcd[*]     ; i_clk      ; 14.055 ; 14.055 ; Rise       ; i_clk           ;
;  o_io_lcd[0]    ; i_clk      ; 11.515 ; 11.515 ; Rise       ; i_clk           ;
;  o_io_lcd[1]    ; i_clk      ; 14.055 ; 14.055 ; Rise       ; i_clk           ;
;  o_io_lcd[2]    ; i_clk      ; 9.658  ; 9.658  ; Rise       ; i_clk           ;
;  o_io_lcd[3]    ; i_clk      ; 8.900  ; 8.900  ; Rise       ; i_clk           ;
;  o_io_lcd[4]    ; i_clk      ; 9.787  ; 9.787  ; Rise       ; i_clk           ;
;  o_io_lcd[5]    ; i_clk      ; 8.212  ; 8.212  ; Rise       ; i_clk           ;
;  o_io_lcd[6]    ; i_clk      ; 9.918  ; 9.918  ; Rise       ; i_clk           ;
;  o_io_lcd[7]    ; i_clk      ; 9.824  ; 9.824  ; Rise       ; i_clk           ;
;  o_io_lcd[8]    ; i_clk      ; 9.930  ; 9.930  ; Rise       ; i_clk           ;
;  o_io_lcd[9]    ; i_clk      ; 11.961 ; 11.961 ; Rise       ; i_clk           ;
;  o_io_lcd[10]   ; i_clk      ; 9.400  ; 9.400  ; Rise       ; i_clk           ;
;  o_io_lcd[11]   ; i_clk      ; 9.507  ; 9.507  ; Rise       ; i_clk           ;
;  o_io_lcd[12]   ; i_clk      ; 6.937  ; 6.937  ; Rise       ; i_clk           ;
;  o_io_lcd[13]   ; i_clk      ; 6.804  ; 6.804  ; Rise       ; i_clk           ;
;  o_io_lcd[14]   ; i_clk      ; 7.460  ; 7.460  ; Rise       ; i_clk           ;
;  o_io_lcd[15]   ; i_clk      ; 7.547  ; 7.547  ; Rise       ; i_clk           ;
;  o_io_lcd[16]   ; i_clk      ; 7.336  ; 7.336  ; Rise       ; i_clk           ;
;  o_io_lcd[17]   ; i_clk      ; 7.833  ; 7.833  ; Rise       ; i_clk           ;
;  o_io_lcd[18]   ; i_clk      ; 7.384  ; 7.384  ; Rise       ; i_clk           ;
;  o_io_lcd[19]   ; i_clk      ; 11.174 ; 11.174 ; Rise       ; i_clk           ;
;  o_io_lcd[20]   ; i_clk      ; 9.153  ; 9.153  ; Rise       ; i_clk           ;
;  o_io_lcd[21]   ; i_clk      ; 8.303  ; 8.303  ; Rise       ; i_clk           ;
;  o_io_lcd[22]   ; i_clk      ; 8.974  ; 8.974  ; Rise       ; i_clk           ;
;  o_io_lcd[23]   ; i_clk      ; 8.555  ; 8.555  ; Rise       ; i_clk           ;
;  o_io_lcd[24]   ; i_clk      ; 8.599  ; 8.599  ; Rise       ; i_clk           ;
;  o_io_lcd[25]   ; i_clk      ; 7.310  ; 7.310  ; Rise       ; i_clk           ;
;  o_io_lcd[26]   ; i_clk      ; 8.651  ; 8.651  ; Rise       ; i_clk           ;
;  o_io_lcd[27]   ; i_clk      ; 7.705  ; 7.705  ; Rise       ; i_clk           ;
;  o_io_lcd[28]   ; i_clk      ; 7.641  ; 7.641  ; Rise       ; i_clk           ;
;  o_io_lcd[29]   ; i_clk      ; 7.540  ; 7.540  ; Rise       ; i_clk           ;
;  o_io_lcd[30]   ; i_clk      ; 9.977  ; 9.977  ; Rise       ; i_clk           ;
;  o_io_lcd[31]   ; i_clk      ; 9.970  ; 9.970  ; Rise       ; i_clk           ;
; o_io_ledg[*]    ; i_clk      ; 13.311 ; 13.311 ; Rise       ; i_clk           ;
;  o_io_ledg[0]   ; i_clk      ; 11.087 ; 11.087 ; Rise       ; i_clk           ;
;  o_io_ledg[1]   ; i_clk      ; 10.607 ; 10.607 ; Rise       ; i_clk           ;
;  o_io_ledg[2]   ; i_clk      ; 11.875 ; 11.875 ; Rise       ; i_clk           ;
;  o_io_ledg[3]   ; i_clk      ; 9.541  ; 9.541  ; Rise       ; i_clk           ;
;  o_io_ledg[4]   ; i_clk      ; 12.910 ; 12.910 ; Rise       ; i_clk           ;
;  o_io_ledg[5]   ; i_clk      ; 10.660 ; 10.660 ; Rise       ; i_clk           ;
;  o_io_ledg[6]   ; i_clk      ; 13.311 ; 13.311 ; Rise       ; i_clk           ;
;  o_io_ledg[7]   ; i_clk      ; 10.085 ; 10.085 ; Rise       ; i_clk           ;
;  o_io_ledg[8]   ; i_clk      ; 9.619  ; 9.619  ; Rise       ; i_clk           ;
;  o_io_ledg[9]   ; i_clk      ; 9.358  ; 9.358  ; Rise       ; i_clk           ;
;  o_io_ledg[10]  ; i_clk      ; 7.774  ; 7.774  ; Rise       ; i_clk           ;
;  o_io_ledg[11]  ; i_clk      ; 8.125  ; 8.125  ; Rise       ; i_clk           ;
;  o_io_ledg[12]  ; i_clk      ; 7.322  ; 7.322  ; Rise       ; i_clk           ;
;  o_io_ledg[13]  ; i_clk      ; 6.348  ; 6.348  ; Rise       ; i_clk           ;
;  o_io_ledg[14]  ; i_clk      ; 8.520  ; 8.520  ; Rise       ; i_clk           ;
;  o_io_ledg[15]  ; i_clk      ; 10.013 ; 10.013 ; Rise       ; i_clk           ;
;  o_io_ledg[16]  ; i_clk      ; 7.940  ; 7.940  ; Rise       ; i_clk           ;
;  o_io_ledg[17]  ; i_clk      ; 7.672  ; 7.672  ; Rise       ; i_clk           ;
;  o_io_ledg[18]  ; i_clk      ; 6.520  ; 6.520  ; Rise       ; i_clk           ;
;  o_io_ledg[19]  ; i_clk      ; 7.099  ; 7.099  ; Rise       ; i_clk           ;
;  o_io_ledg[20]  ; i_clk      ; 6.422  ; 6.422  ; Rise       ; i_clk           ;
;  o_io_ledg[21]  ; i_clk      ; 7.351  ; 7.351  ; Rise       ; i_clk           ;
;  o_io_ledg[22]  ; i_clk      ; 7.510  ; 7.510  ; Rise       ; i_clk           ;
;  o_io_ledg[23]  ; i_clk      ; 6.731  ; 6.731  ; Rise       ; i_clk           ;
;  o_io_ledg[24]  ; i_clk      ; 9.256  ; 9.256  ; Rise       ; i_clk           ;
;  o_io_ledg[25]  ; i_clk      ; 6.811  ; 6.811  ; Rise       ; i_clk           ;
;  o_io_ledg[26]  ; i_clk      ; 7.698  ; 7.698  ; Rise       ; i_clk           ;
;  o_io_ledg[27]  ; i_clk      ; 6.922  ; 6.922  ; Rise       ; i_clk           ;
;  o_io_ledg[28]  ; i_clk      ; 7.099  ; 7.099  ; Rise       ; i_clk           ;
;  o_io_ledg[29]  ; i_clk      ; 9.127  ; 9.127  ; Rise       ; i_clk           ;
;  o_io_ledg[30]  ; i_clk      ; 8.359  ; 8.359  ; Rise       ; i_clk           ;
;  o_io_ledg[31]  ; i_clk      ; 7.536  ; 7.536  ; Rise       ; i_clk           ;
; o_io_ledr[*]    ; i_clk      ; 13.302 ; 13.302 ; Rise       ; i_clk           ;
;  o_io_ledr[0]   ; i_clk      ; 10.860 ; 10.860 ; Rise       ; i_clk           ;
;  o_io_ledr[1]   ; i_clk      ; 12.451 ; 12.451 ; Rise       ; i_clk           ;
;  o_io_ledr[2]   ; i_clk      ; 11.236 ; 11.236 ; Rise       ; i_clk           ;
;  o_io_ledr[3]   ; i_clk      ; 9.613  ; 9.613  ; Rise       ; i_clk           ;
;  o_io_ledr[4]   ; i_clk      ; 11.561 ; 11.561 ; Rise       ; i_clk           ;
;  o_io_ledr[5]   ; i_clk      ; 12.770 ; 12.770 ; Rise       ; i_clk           ;
;  o_io_ledr[6]   ; i_clk      ; 13.302 ; 13.302 ; Rise       ; i_clk           ;
;  o_io_ledr[7]   ; i_clk      ; 11.529 ; 11.529 ; Rise       ; i_clk           ;
;  o_io_ledr[8]   ; i_clk      ; 7.270  ; 7.270  ; Rise       ; i_clk           ;
;  o_io_ledr[9]   ; i_clk      ; 10.353 ; 10.353 ; Rise       ; i_clk           ;
;  o_io_ledr[10]  ; i_clk      ; 10.188 ; 10.188 ; Rise       ; i_clk           ;
;  o_io_ledr[11]  ; i_clk      ; 9.183  ; 9.183  ; Rise       ; i_clk           ;
;  o_io_ledr[12]  ; i_clk      ; 13.256 ; 13.256 ; Rise       ; i_clk           ;
;  o_io_ledr[13]  ; i_clk      ; 11.051 ; 11.051 ; Rise       ; i_clk           ;
;  o_io_ledr[14]  ; i_clk      ; 8.668  ; 8.668  ; Rise       ; i_clk           ;
;  o_io_ledr[15]  ; i_clk      ; 9.698  ; 9.698  ; Rise       ; i_clk           ;
;  o_io_ledr[16]  ; i_clk      ; 9.316  ; 9.316  ; Rise       ; i_clk           ;
;  o_io_ledr[17]  ; i_clk      ; 9.302  ; 9.302  ; Rise       ; i_clk           ;
;  o_io_ledr[18]  ; i_clk      ; 10.088 ; 10.088 ; Rise       ; i_clk           ;
;  o_io_ledr[19]  ; i_clk      ; 7.008  ; 7.008  ; Rise       ; i_clk           ;
;  o_io_ledr[20]  ; i_clk      ; 6.873  ; 6.873  ; Rise       ; i_clk           ;
;  o_io_ledr[21]  ; i_clk      ; 7.523  ; 7.523  ; Rise       ; i_clk           ;
;  o_io_ledr[22]  ; i_clk      ; 6.660  ; 6.660  ; Rise       ; i_clk           ;
;  o_io_ledr[23]  ; i_clk      ; 7.601  ; 7.601  ; Rise       ; i_clk           ;
;  o_io_ledr[24]  ; i_clk      ; 9.664  ; 9.664  ; Rise       ; i_clk           ;
;  o_io_ledr[25]  ; i_clk      ; 7.873  ; 7.873  ; Rise       ; i_clk           ;
;  o_io_ledr[26]  ; i_clk      ; 11.965 ; 11.965 ; Rise       ; i_clk           ;
;  o_io_ledr[27]  ; i_clk      ; 9.149  ; 9.149  ; Rise       ; i_clk           ;
;  o_io_ledr[28]  ; i_clk      ; 8.255  ; 8.255  ; Rise       ; i_clk           ;
;  o_io_ledr[29]  ; i_clk      ; 6.636  ; 6.636  ; Rise       ; i_clk           ;
;  o_io_ledr[30]  ; i_clk      ; 6.365  ; 6.365  ; Rise       ; i_clk           ;
;  o_io_ledr[31]  ; i_clk      ; 9.460  ; 9.460  ; Rise       ; i_clk           ;
; o_pc_debug[*]   ; i_clk      ; 10.490 ; 10.490 ; Rise       ; i_clk           ;
;  o_pc_debug[0]  ; i_clk      ; 10.490 ; 10.490 ; Rise       ; i_clk           ;
;  o_pc_debug[1]  ; i_clk      ; 8.897  ; 8.897  ; Rise       ; i_clk           ;
;  o_pc_debug[2]  ; i_clk      ; 8.832  ; 8.832  ; Rise       ; i_clk           ;
;  o_pc_debug[3]  ; i_clk      ; 7.099  ; 7.099  ; Rise       ; i_clk           ;
;  o_pc_debug[4]  ; i_clk      ; 6.862  ; 6.862  ; Rise       ; i_clk           ;
;  o_pc_debug[5]  ; i_clk      ; 6.890  ; 6.890  ; Rise       ; i_clk           ;
;  o_pc_debug[6]  ; i_clk      ; 7.324  ; 7.324  ; Rise       ; i_clk           ;
;  o_pc_debug[7]  ; i_clk      ; 6.385  ; 6.385  ; Rise       ; i_clk           ;
;  o_pc_debug[8]  ; i_clk      ; 6.399  ; 6.399  ; Rise       ; i_clk           ;
;  o_pc_debug[9]  ; i_clk      ; 6.865  ; 6.865  ; Rise       ; i_clk           ;
;  o_pc_debug[10] ; i_clk      ; 6.868  ; 6.868  ; Rise       ; i_clk           ;
;  o_pc_debug[11] ; i_clk      ; 6.679  ; 6.679  ; Rise       ; i_clk           ;
;  o_pc_debug[12] ; i_clk      ; 6.019  ; 6.019  ; Rise       ; i_clk           ;
;  o_pc_debug[13] ; i_clk      ; 6.648  ; 6.648  ; Rise       ; i_clk           ;
;  o_pc_debug[14] ; i_clk      ; 7.894  ; 7.894  ; Rise       ; i_clk           ;
;  o_pc_debug[15] ; i_clk      ; 7.354  ; 7.354  ; Rise       ; i_clk           ;
;  o_pc_debug[16] ; i_clk      ; 7.357  ; 7.357  ; Rise       ; i_clk           ;
;  o_pc_debug[17] ; i_clk      ; 7.185  ; 7.185  ; Rise       ; i_clk           ;
;  o_pc_debug[18] ; i_clk      ; 7.187  ; 7.187  ; Rise       ; i_clk           ;
;  o_pc_debug[19] ; i_clk      ; 7.046  ; 7.046  ; Rise       ; i_clk           ;
;  o_pc_debug[20] ; i_clk      ; 8.292  ; 8.292  ; Rise       ; i_clk           ;
;  o_pc_debug[21] ; i_clk      ; 7.650  ; 7.650  ; Rise       ; i_clk           ;
;  o_pc_debug[22] ; i_clk      ; 9.101  ; 9.101  ; Rise       ; i_clk           ;
;  o_pc_debug[23] ; i_clk      ; 7.376  ; 7.376  ; Rise       ; i_clk           ;
;  o_pc_debug[24] ; i_clk      ; 8.894  ; 8.894  ; Rise       ; i_clk           ;
;  o_pc_debug[25] ; i_clk      ; 7.560  ; 7.560  ; Rise       ; i_clk           ;
;  o_pc_debug[26] ; i_clk      ; 7.234  ; 7.234  ; Rise       ; i_clk           ;
;  o_pc_debug[27] ; i_clk      ; 9.933  ; 9.933  ; Rise       ; i_clk           ;
;  o_pc_debug[28] ; i_clk      ; 6.874  ; 6.874  ; Rise       ; i_clk           ;
;  o_pc_debug[29] ; i_clk      ; 9.143  ; 9.143  ; Rise       ; i_clk           ;
;  o_pc_debug[30] ; i_clk      ; 8.037  ; 8.037  ; Rise       ; i_clk           ;
;  o_pc_debug[31] ; i_clk      ; 8.588  ; 8.588  ; Rise       ; i_clk           ;
; o_inst_vld      ; i_reset    ; 19.982 ; 19.982 ; Rise       ; i_reset         ;
; o_inst_vld      ; i_reset    ; 19.982 ; 19.982 ; Fall       ; i_reset         ;
+-----------------+------------+--------+--------+------------+-----------------+


+-------------------------------------------------------------------------------+
; Minimum Clock to Output Times                                                 ;
+-----------------+------------+--------+--------+------------+-----------------+
; Data Port       ; Clock Port ; Rise   ; Fall   ; Clock Edge ; Clock Reference ;
+-----------------+------------+--------+--------+------------+-----------------+
; o_inst_vld      ; i_clk      ; 12.458 ; 12.458 ; Rise       ; i_clk           ;
; o_io_hex0[*]    ; i_clk      ; 6.927  ; 6.927  ; Rise       ; i_clk           ;
;  o_io_hex0[0]   ; i_clk      ; 6.927  ; 6.927  ; Rise       ; i_clk           ;
;  o_io_hex0[1]   ; i_clk      ; 10.690 ; 10.690 ; Rise       ; i_clk           ;
;  o_io_hex0[2]   ; i_clk      ; 9.387  ; 9.387  ; Rise       ; i_clk           ;
;  o_io_hex0[3]   ; i_clk      ; 8.987  ; 8.987  ; Rise       ; i_clk           ;
;  o_io_hex0[4]   ; i_clk      ; 9.123  ; 9.123  ; Rise       ; i_clk           ;
;  o_io_hex0[5]   ; i_clk      ; 12.156 ; 12.156 ; Rise       ; i_clk           ;
;  o_io_hex0[6]   ; i_clk      ; 12.141 ; 12.141 ; Rise       ; i_clk           ;
; o_io_hex1[*]    ; i_clk      ; 10.172 ; 10.172 ; Rise       ; i_clk           ;
;  o_io_hex1[0]   ; i_clk      ; 10.172 ; 10.172 ; Rise       ; i_clk           ;
;  o_io_hex1[1]   ; i_clk      ; 12.347 ; 12.347 ; Rise       ; i_clk           ;
;  o_io_hex1[2]   ; i_clk      ; 13.279 ; 13.279 ; Rise       ; i_clk           ;
;  o_io_hex1[3]   ; i_clk      ; 10.514 ; 10.514 ; Rise       ; i_clk           ;
;  o_io_hex1[4]   ; i_clk      ; 11.842 ; 11.842 ; Rise       ; i_clk           ;
;  o_io_hex1[5]   ; i_clk      ; 13.355 ; 13.355 ; Rise       ; i_clk           ;
;  o_io_hex1[6]   ; i_clk      ; 12.476 ; 12.476 ; Rise       ; i_clk           ;
; o_io_hex2[*]    ; i_clk      ; 8.800  ; 8.800  ; Rise       ; i_clk           ;
;  o_io_hex2[0]   ; i_clk      ; 12.872 ; 12.872 ; Rise       ; i_clk           ;
;  o_io_hex2[1]   ; i_clk      ; 10.727 ; 10.727 ; Rise       ; i_clk           ;
;  o_io_hex2[2]   ; i_clk      ; 8.800  ; 8.800  ; Rise       ; i_clk           ;
;  o_io_hex2[3]   ; i_clk      ; 12.221 ; 12.221 ; Rise       ; i_clk           ;
;  o_io_hex2[4]   ; i_clk      ; 13.917 ; 13.917 ; Rise       ; i_clk           ;
;  o_io_hex2[5]   ; i_clk      ; 9.531  ; 9.531  ; Rise       ; i_clk           ;
;  o_io_hex2[6]   ; i_clk      ; 12.941 ; 12.941 ; Rise       ; i_clk           ;
; o_io_hex3[*]    ; i_clk      ; 10.310 ; 10.310 ; Rise       ; i_clk           ;
;  o_io_hex3[0]   ; i_clk      ; 13.269 ; 13.269 ; Rise       ; i_clk           ;
;  o_io_hex3[1]   ; i_clk      ; 11.998 ; 11.998 ; Rise       ; i_clk           ;
;  o_io_hex3[2]   ; i_clk      ; 11.933 ; 11.933 ; Rise       ; i_clk           ;
;  o_io_hex3[3]   ; i_clk      ; 12.164 ; 12.164 ; Rise       ; i_clk           ;
;  o_io_hex3[4]   ; i_clk      ; 10.791 ; 10.791 ; Rise       ; i_clk           ;
;  o_io_hex3[5]   ; i_clk      ; 12.485 ; 12.485 ; Rise       ; i_clk           ;
;  o_io_hex3[6]   ; i_clk      ; 10.310 ; 10.310 ; Rise       ; i_clk           ;
; o_io_hex4[*]    ; i_clk      ; 10.660 ; 10.660 ; Rise       ; i_clk           ;
;  o_io_hex4[0]   ; i_clk      ; 10.660 ; 10.660 ; Rise       ; i_clk           ;
;  o_io_hex4[1]   ; i_clk      ; 11.890 ; 11.890 ; Rise       ; i_clk           ;
;  o_io_hex4[2]   ; i_clk      ; 11.400 ; 11.400 ; Rise       ; i_clk           ;
;  o_io_hex4[3]   ; i_clk      ; 12.532 ; 12.532 ; Rise       ; i_clk           ;
;  o_io_hex4[4]   ; i_clk      ; 11.233 ; 11.233 ; Rise       ; i_clk           ;
;  o_io_hex4[5]   ; i_clk      ; 12.055 ; 12.055 ; Rise       ; i_clk           ;
;  o_io_hex4[6]   ; i_clk      ; 11.371 ; 11.371 ; Rise       ; i_clk           ;
; o_io_hex5[*]    ; i_clk      ; 10.095 ; 10.095 ; Rise       ; i_clk           ;
;  o_io_hex5[0]   ; i_clk      ; 11.731 ; 11.731 ; Rise       ; i_clk           ;
;  o_io_hex5[1]   ; i_clk      ; 12.131 ; 12.131 ; Rise       ; i_clk           ;
;  o_io_hex5[2]   ; i_clk      ; 13.079 ; 13.079 ; Rise       ; i_clk           ;
;  o_io_hex5[3]   ; i_clk      ; 10.649 ; 10.649 ; Rise       ; i_clk           ;
;  o_io_hex5[4]   ; i_clk      ; 10.095 ; 10.095 ; Rise       ; i_clk           ;
;  o_io_hex5[5]   ; i_clk      ; 10.935 ; 10.935 ; Rise       ; i_clk           ;
;  o_io_hex5[6]   ; i_clk      ; 10.826 ; 10.826 ; Rise       ; i_clk           ;
; o_io_hex6[*]    ; i_clk      ; 9.130  ; 9.130  ; Rise       ; i_clk           ;
;  o_io_hex6[0]   ; i_clk      ; 11.128 ; 11.128 ; Rise       ; i_clk           ;
;  o_io_hex6[1]   ; i_clk      ; 11.542 ; 11.542 ; Rise       ; i_clk           ;
;  o_io_hex6[2]   ; i_clk      ; 9.148  ; 9.148  ; Rise       ; i_clk           ;
;  o_io_hex6[3]   ; i_clk      ; 9.885  ; 9.885  ; Rise       ; i_clk           ;
;  o_io_hex6[4]   ; i_clk      ; 9.130  ; 9.130  ; Rise       ; i_clk           ;
;  o_io_hex6[5]   ; i_clk      ; 10.481 ; 10.481 ; Rise       ; i_clk           ;
;  o_io_hex6[6]   ; i_clk      ; 11.967 ; 11.967 ; Rise       ; i_clk           ;
; o_io_hex7[*]    ; i_clk      ; 8.109  ; 8.109  ; Rise       ; i_clk           ;
;  o_io_hex7[0]   ; i_clk      ; 14.733 ; 14.733 ; Rise       ; i_clk           ;
;  o_io_hex7[1]   ; i_clk      ; 10.578 ; 10.578 ; Rise       ; i_clk           ;
;  o_io_hex7[2]   ; i_clk      ; 8.109  ; 8.109  ; Rise       ; i_clk           ;
;  o_io_hex7[3]   ; i_clk      ; 9.079  ; 9.079  ; Rise       ; i_clk           ;
;  o_io_hex7[4]   ; i_clk      ; 9.123  ; 9.123  ; Rise       ; i_clk           ;
;  o_io_hex7[5]   ; i_clk      ; 10.837 ; 10.837 ; Rise       ; i_clk           ;
;  o_io_hex7[6]   ; i_clk      ; 11.303 ; 11.303 ; Rise       ; i_clk           ;
; o_io_lcd[*]     ; i_clk      ; 6.804  ; 6.804  ; Rise       ; i_clk           ;
;  o_io_lcd[0]    ; i_clk      ; 11.515 ; 11.515 ; Rise       ; i_clk           ;
;  o_io_lcd[1]    ; i_clk      ; 14.055 ; 14.055 ; Rise       ; i_clk           ;
;  o_io_lcd[2]    ; i_clk      ; 9.658  ; 9.658  ; Rise       ; i_clk           ;
;  o_io_lcd[3]    ; i_clk      ; 8.900  ; 8.900  ; Rise       ; i_clk           ;
;  o_io_lcd[4]    ; i_clk      ; 9.787  ; 9.787  ; Rise       ; i_clk           ;
;  o_io_lcd[5]    ; i_clk      ; 8.212  ; 8.212  ; Rise       ; i_clk           ;
;  o_io_lcd[6]    ; i_clk      ; 9.918  ; 9.918  ; Rise       ; i_clk           ;
;  o_io_lcd[7]    ; i_clk      ; 9.824  ; 9.824  ; Rise       ; i_clk           ;
;  o_io_lcd[8]    ; i_clk      ; 9.930  ; 9.930  ; Rise       ; i_clk           ;
;  o_io_lcd[9]    ; i_clk      ; 11.961 ; 11.961 ; Rise       ; i_clk           ;
;  o_io_lcd[10]   ; i_clk      ; 9.400  ; 9.400  ; Rise       ; i_clk           ;
;  o_io_lcd[11]   ; i_clk      ; 9.507  ; 9.507  ; Rise       ; i_clk           ;
;  o_io_lcd[12]   ; i_clk      ; 6.937  ; 6.937  ; Rise       ; i_clk           ;
;  o_io_lcd[13]   ; i_clk      ; 6.804  ; 6.804  ; Rise       ; i_clk           ;
;  o_io_lcd[14]   ; i_clk      ; 7.460  ; 7.460  ; Rise       ; i_clk           ;
;  o_io_lcd[15]   ; i_clk      ; 7.547  ; 7.547  ; Rise       ; i_clk           ;
;  o_io_lcd[16]   ; i_clk      ; 7.336  ; 7.336  ; Rise       ; i_clk           ;
;  o_io_lcd[17]   ; i_clk      ; 7.833  ; 7.833  ; Rise       ; i_clk           ;
;  o_io_lcd[18]   ; i_clk      ; 7.384  ; 7.384  ; Rise       ; i_clk           ;
;  o_io_lcd[19]   ; i_clk      ; 11.174 ; 11.174 ; Rise       ; i_clk           ;
;  o_io_lcd[20]   ; i_clk      ; 9.153  ; 9.153  ; Rise       ; i_clk           ;
;  o_io_lcd[21]   ; i_clk      ; 8.303  ; 8.303  ; Rise       ; i_clk           ;
;  o_io_lcd[22]   ; i_clk      ; 8.974  ; 8.974  ; Rise       ; i_clk           ;
;  o_io_lcd[23]   ; i_clk      ; 8.555  ; 8.555  ; Rise       ; i_clk           ;
;  o_io_lcd[24]   ; i_clk      ; 8.599  ; 8.599  ; Rise       ; i_clk           ;
;  o_io_lcd[25]   ; i_clk      ; 7.310  ; 7.310  ; Rise       ; i_clk           ;
;  o_io_lcd[26]   ; i_clk      ; 8.651  ; 8.651  ; Rise       ; i_clk           ;
;  o_io_lcd[27]   ; i_clk      ; 7.705  ; 7.705  ; Rise       ; i_clk           ;
;  o_io_lcd[28]   ; i_clk      ; 7.641  ; 7.641  ; Rise       ; i_clk           ;
;  o_io_lcd[29]   ; i_clk      ; 7.540  ; 7.540  ; Rise       ; i_clk           ;
;  o_io_lcd[30]   ; i_clk      ; 9.977  ; 9.977  ; Rise       ; i_clk           ;
;  o_io_lcd[31]   ; i_clk      ; 9.970  ; 9.970  ; Rise       ; i_clk           ;
; o_io_ledg[*]    ; i_clk      ; 6.348  ; 6.348  ; Rise       ; i_clk           ;
;  o_io_ledg[0]   ; i_clk      ; 11.087 ; 11.087 ; Rise       ; i_clk           ;
;  o_io_ledg[1]   ; i_clk      ; 10.607 ; 10.607 ; Rise       ; i_clk           ;
;  o_io_ledg[2]   ; i_clk      ; 11.875 ; 11.875 ; Rise       ; i_clk           ;
;  o_io_ledg[3]   ; i_clk      ; 9.541  ; 9.541  ; Rise       ; i_clk           ;
;  o_io_ledg[4]   ; i_clk      ; 12.910 ; 12.910 ; Rise       ; i_clk           ;
;  o_io_ledg[5]   ; i_clk      ; 10.660 ; 10.660 ; Rise       ; i_clk           ;
;  o_io_ledg[6]   ; i_clk      ; 13.311 ; 13.311 ; Rise       ; i_clk           ;
;  o_io_ledg[7]   ; i_clk      ; 10.085 ; 10.085 ; Rise       ; i_clk           ;
;  o_io_ledg[8]   ; i_clk      ; 9.619  ; 9.619  ; Rise       ; i_clk           ;
;  o_io_ledg[9]   ; i_clk      ; 9.358  ; 9.358  ; Rise       ; i_clk           ;
;  o_io_ledg[10]  ; i_clk      ; 7.774  ; 7.774  ; Rise       ; i_clk           ;
;  o_io_ledg[11]  ; i_clk      ; 8.125  ; 8.125  ; Rise       ; i_clk           ;
;  o_io_ledg[12]  ; i_clk      ; 7.322  ; 7.322  ; Rise       ; i_clk           ;
;  o_io_ledg[13]  ; i_clk      ; 6.348  ; 6.348  ; Rise       ; i_clk           ;
;  o_io_ledg[14]  ; i_clk      ; 8.520  ; 8.520  ; Rise       ; i_clk           ;
;  o_io_ledg[15]  ; i_clk      ; 10.013 ; 10.013 ; Rise       ; i_clk           ;
;  o_io_ledg[16]  ; i_clk      ; 7.940  ; 7.940  ; Rise       ; i_clk           ;
;  o_io_ledg[17]  ; i_clk      ; 7.672  ; 7.672  ; Rise       ; i_clk           ;
;  o_io_ledg[18]  ; i_clk      ; 6.520  ; 6.520  ; Rise       ; i_clk           ;
;  o_io_ledg[19]  ; i_clk      ; 7.099  ; 7.099  ; Rise       ; i_clk           ;
;  o_io_ledg[20]  ; i_clk      ; 6.422  ; 6.422  ; Rise       ; i_clk           ;
;  o_io_ledg[21]  ; i_clk      ; 7.351  ; 7.351  ; Rise       ; i_clk           ;
;  o_io_ledg[22]  ; i_clk      ; 7.510  ; 7.510  ; Rise       ; i_clk           ;
;  o_io_ledg[23]  ; i_clk      ; 6.731  ; 6.731  ; Rise       ; i_clk           ;
;  o_io_ledg[24]  ; i_clk      ; 9.256  ; 9.256  ; Rise       ; i_clk           ;
;  o_io_ledg[25]  ; i_clk      ; 6.811  ; 6.811  ; Rise       ; i_clk           ;
;  o_io_ledg[26]  ; i_clk      ; 7.698  ; 7.698  ; Rise       ; i_clk           ;
;  o_io_ledg[27]  ; i_clk      ; 6.922  ; 6.922  ; Rise       ; i_clk           ;
;  o_io_ledg[28]  ; i_clk      ; 7.099  ; 7.099  ; Rise       ; i_clk           ;
;  o_io_ledg[29]  ; i_clk      ; 9.127  ; 9.127  ; Rise       ; i_clk           ;
;  o_io_ledg[30]  ; i_clk      ; 8.359  ; 8.359  ; Rise       ; i_clk           ;
;  o_io_ledg[31]  ; i_clk      ; 7.536  ; 7.536  ; Rise       ; i_clk           ;
; o_io_ledr[*]    ; i_clk      ; 6.365  ; 6.365  ; Rise       ; i_clk           ;
;  o_io_ledr[0]   ; i_clk      ; 10.860 ; 10.860 ; Rise       ; i_clk           ;
;  o_io_ledr[1]   ; i_clk      ; 12.451 ; 12.451 ; Rise       ; i_clk           ;
;  o_io_ledr[2]   ; i_clk      ; 11.236 ; 11.236 ; Rise       ; i_clk           ;
;  o_io_ledr[3]   ; i_clk      ; 9.613  ; 9.613  ; Rise       ; i_clk           ;
;  o_io_ledr[4]   ; i_clk      ; 11.561 ; 11.561 ; Rise       ; i_clk           ;
;  o_io_ledr[5]   ; i_clk      ; 12.770 ; 12.770 ; Rise       ; i_clk           ;
;  o_io_ledr[6]   ; i_clk      ; 13.302 ; 13.302 ; Rise       ; i_clk           ;
;  o_io_ledr[7]   ; i_clk      ; 11.529 ; 11.529 ; Rise       ; i_clk           ;
;  o_io_ledr[8]   ; i_clk      ; 7.270  ; 7.270  ; Rise       ; i_clk           ;
;  o_io_ledr[9]   ; i_clk      ; 10.353 ; 10.353 ; Rise       ; i_clk           ;
;  o_io_ledr[10]  ; i_clk      ; 10.188 ; 10.188 ; Rise       ; i_clk           ;
;  o_io_ledr[11]  ; i_clk      ; 9.183  ; 9.183  ; Rise       ; i_clk           ;
;  o_io_ledr[12]  ; i_clk      ; 13.256 ; 13.256 ; Rise       ; i_clk           ;
;  o_io_ledr[13]  ; i_clk      ; 11.051 ; 11.051 ; Rise       ; i_clk           ;
;  o_io_ledr[14]  ; i_clk      ; 8.668  ; 8.668  ; Rise       ; i_clk           ;
;  o_io_ledr[15]  ; i_clk      ; 9.698  ; 9.698  ; Rise       ; i_clk           ;
;  o_io_ledr[16]  ; i_clk      ; 9.316  ; 9.316  ; Rise       ; i_clk           ;
;  o_io_ledr[17]  ; i_clk      ; 9.302  ; 9.302  ; Rise       ; i_clk           ;
;  o_io_ledr[18]  ; i_clk      ; 10.088 ; 10.088 ; Rise       ; i_clk           ;
;  o_io_ledr[19]  ; i_clk      ; 7.008  ; 7.008  ; Rise       ; i_clk           ;
;  o_io_ledr[20]  ; i_clk      ; 6.873  ; 6.873  ; Rise       ; i_clk           ;
;  o_io_ledr[21]  ; i_clk      ; 7.523  ; 7.523  ; Rise       ; i_clk           ;
;  o_io_ledr[22]  ; i_clk      ; 6.660  ; 6.660  ; Rise       ; i_clk           ;
;  o_io_ledr[23]  ; i_clk      ; 7.601  ; 7.601  ; Rise       ; i_clk           ;
;  o_io_ledr[24]  ; i_clk      ; 9.664  ; 9.664  ; Rise       ; i_clk           ;
;  o_io_ledr[25]  ; i_clk      ; 7.873  ; 7.873  ; Rise       ; i_clk           ;
;  o_io_ledr[26]  ; i_clk      ; 11.965 ; 11.965 ; Rise       ; i_clk           ;
;  o_io_ledr[27]  ; i_clk      ; 9.149  ; 9.149  ; Rise       ; i_clk           ;
;  o_io_ledr[28]  ; i_clk      ; 8.255  ; 8.255  ; Rise       ; i_clk           ;
;  o_io_ledr[29]  ; i_clk      ; 6.636  ; 6.636  ; Rise       ; i_clk           ;
;  o_io_ledr[30]  ; i_clk      ; 6.365  ; 6.365  ; Rise       ; i_clk           ;
;  o_io_ledr[31]  ; i_clk      ; 9.460  ; 9.460  ; Rise       ; i_clk           ;
; o_pc_debug[*]   ; i_clk      ; 6.019  ; 6.019  ; Rise       ; i_clk           ;
;  o_pc_debug[0]  ; i_clk      ; 10.490 ; 10.490 ; Rise       ; i_clk           ;
;  o_pc_debug[1]  ; i_clk      ; 8.897  ; 8.897  ; Rise       ; i_clk           ;
;  o_pc_debug[2]  ; i_clk      ; 8.832  ; 8.832  ; Rise       ; i_clk           ;
;  o_pc_debug[3]  ; i_clk      ; 7.099  ; 7.099  ; Rise       ; i_clk           ;
;  o_pc_debug[4]  ; i_clk      ; 6.862  ; 6.862  ; Rise       ; i_clk           ;
;  o_pc_debug[5]  ; i_clk      ; 6.890  ; 6.890  ; Rise       ; i_clk           ;
;  o_pc_debug[6]  ; i_clk      ; 7.324  ; 7.324  ; Rise       ; i_clk           ;
;  o_pc_debug[7]  ; i_clk      ; 6.385  ; 6.385  ; Rise       ; i_clk           ;
;  o_pc_debug[8]  ; i_clk      ; 6.399  ; 6.399  ; Rise       ; i_clk           ;
;  o_pc_debug[9]  ; i_clk      ; 6.865  ; 6.865  ; Rise       ; i_clk           ;
;  o_pc_debug[10] ; i_clk      ; 6.868  ; 6.868  ; Rise       ; i_clk           ;
;  o_pc_debug[11] ; i_clk      ; 6.679  ; 6.679  ; Rise       ; i_clk           ;
;  o_pc_debug[12] ; i_clk      ; 6.019  ; 6.019  ; Rise       ; i_clk           ;
;  o_pc_debug[13] ; i_clk      ; 6.648  ; 6.648  ; Rise       ; i_clk           ;
;  o_pc_debug[14] ; i_clk      ; 7.894  ; 7.894  ; Rise       ; i_clk           ;
;  o_pc_debug[15] ; i_clk      ; 7.354  ; 7.354  ; Rise       ; i_clk           ;
;  o_pc_debug[16] ; i_clk      ; 7.357  ; 7.357  ; Rise       ; i_clk           ;
;  o_pc_debug[17] ; i_clk      ; 7.185  ; 7.185  ; Rise       ; i_clk           ;
;  o_pc_debug[18] ; i_clk      ; 7.187  ; 7.187  ; Rise       ; i_clk           ;
;  o_pc_debug[19] ; i_clk      ; 7.046  ; 7.046  ; Rise       ; i_clk           ;
;  o_pc_debug[20] ; i_clk      ; 8.292  ; 8.292  ; Rise       ; i_clk           ;
;  o_pc_debug[21] ; i_clk      ; 7.650  ; 7.650  ; Rise       ; i_clk           ;
;  o_pc_debug[22] ; i_clk      ; 9.101  ; 9.101  ; Rise       ; i_clk           ;
;  o_pc_debug[23] ; i_clk      ; 7.376  ; 7.376  ; Rise       ; i_clk           ;
;  o_pc_debug[24] ; i_clk      ; 8.894  ; 8.894  ; Rise       ; i_clk           ;
;  o_pc_debug[25] ; i_clk      ; 7.560  ; 7.560  ; Rise       ; i_clk           ;
;  o_pc_debug[26] ; i_clk      ; 7.234  ; 7.234  ; Rise       ; i_clk           ;
;  o_pc_debug[27] ; i_clk      ; 9.933  ; 9.933  ; Rise       ; i_clk           ;
;  o_pc_debug[28] ; i_clk      ; 6.874  ; 6.874  ; Rise       ; i_clk           ;
;  o_pc_debug[29] ; i_clk      ; 9.143  ; 9.143  ; Rise       ; i_clk           ;
;  o_pc_debug[30] ; i_clk      ; 8.037  ; 8.037  ; Rise       ; i_clk           ;
;  o_pc_debug[31] ; i_clk      ; 8.588  ; 8.588  ; Rise       ; i_clk           ;
; o_inst_vld      ; i_reset    ; 19.982 ; 19.982 ; Rise       ; i_reset         ;
; o_inst_vld      ; i_reset    ; 14.171 ; 14.171 ; Fall       ; i_reset         ;
+-----------------+------------+--------+--------+------------+-----------------+


+-----------------------------------+
; Fast Model Setup Summary          ;
+---------+---------+---------------+
; Clock   ; Slack   ; End Point TNS ;
+---------+---------+---------------+
; i_clk   ; -16.136 ; -254477.238   ;
; i_reset ; -0.911  ; -0.911        ;
+---------+---------+---------------+


+---------------------------------+
; Fast Model Hold Summary         ;
+---------+-------+---------------+
; Clock   ; Slack ; End Point TNS ;
+---------+-------+---------------+
; i_clk   ; 0.215 ; 0.000         ;
; i_reset ; 1.143 ; 0.000         ;
+---------+-------+---------------+


+--------------------------------+
; Fast Model Recovery Summary    ;
+-------+--------+---------------+
; Clock ; Slack  ; End Point TNS ;
+-------+--------+---------------+
; i_clk ; -1.447 ; -5881.504     ;
+-------+--------+---------------+


+--------------------------------+
; Fast Model Removal Summary     ;
+-------+--------+---------------+
; Clock ; Slack  ; End Point TNS ;
+-------+--------+---------------+
; i_clk ; -0.165 ; -5.692        ;
+-------+--------+---------------+


+----------------------------------------+
; Fast Model Minimum Pulse Width Summary ;
+---------+--------+---------------------+
; Clock   ; Slack  ; End Point TNS       ;
+---------+--------+---------------------+
; i_clk   ; -1.380 ; -17634.380          ;
; i_reset ; -1.222 ; -1.222              ;
+---------+--------+---------------------+


+--------------------------------------------------------------------------------------------------------------------------------------------------------+
; Fast Model Setup: 'i_clk'                                                                                                                              ;
+---------+----------------------------+-------------------------------------------+--------------+-------------+--------------+------------+------------+
; Slack   ; From Node                  ; To Node                                   ; Launch Clock ; Latch Clock ; Relationship ; Clock Skew ; Data Delay ;
+---------+----------------------------+-------------------------------------------+--------------+-------------+--------------+------------+------------+
; -16.136 ; pc:pc_top|o_pc_data_out[3] ; lsu:lsu_top|datamem:mem|data_mem[138][7]  ; i_clk        ; i_clk       ; 1.000        ; 0.011      ; 17.179     ;
; -16.112 ; pc:pc_top|o_pc_data_out[3] ; lsu:lsu_top|datamem:mem|data_mem[219][17] ; i_clk        ; i_clk       ; 1.000        ; 0.002      ; 17.146     ;
; -16.043 ; pc:pc_top|o_pc_data_out[3] ; lsu:lsu_top|datamem:mem|data_mem[181][16] ; i_clk        ; i_clk       ; 1.000        ; 0.002      ; 17.077     ;
; -16.032 ; pc:pc_top|o_pc_data_out[2] ; lsu:lsu_top|datamem:mem|data_mem[138][7]  ; i_clk        ; i_clk       ; 1.000        ; 0.011      ; 17.075     ;
; -16.029 ; pc:pc_top|o_pc_data_out[3] ; lsu:lsu_top|datamem:mem|data_mem[446][3]  ; i_clk        ; i_clk       ; 1.000        ; 0.005      ; 17.066     ;
; -16.008 ; pc:pc_top|o_pc_data_out[2] ; lsu:lsu_top|datamem:mem|data_mem[219][17] ; i_clk        ; i_clk       ; 1.000        ; 0.002      ; 17.042     ;
; -15.978 ; pc:pc_top|o_pc_data_out[5] ; lsu:lsu_top|datamem:mem|data_mem[138][7]  ; i_clk        ; i_clk       ; 1.000        ; 0.003      ; 17.013     ;
; -15.954 ; pc:pc_top|o_pc_data_out[5] ; lsu:lsu_top|datamem:mem|data_mem[219][17] ; i_clk        ; i_clk       ; 1.000        ; -0.006     ; 16.980     ;
; -15.939 ; pc:pc_top|o_pc_data_out[2] ; lsu:lsu_top|datamem:mem|data_mem[181][16] ; i_clk        ; i_clk       ; 1.000        ; 0.002      ; 16.973     ;
; -15.920 ; pc:pc_top|o_pc_data_out[3] ; regfile:regfile_top|Reg[3][19]            ; i_clk        ; i_clk       ; 1.000        ; 0.014      ; 16.966     ;
; -15.919 ; pc:pc_top|o_pc_data_out[3] ; lsu:lsu_top|datamem:mem|data_mem[382][0]  ; i_clk        ; i_clk       ; 1.000        ; 0.011      ; 16.962     ;
; -15.895 ; pc:pc_top|o_pc_data_out[8] ; lsu:lsu_top|datamem:mem|data_mem[138][7]  ; i_clk        ; i_clk       ; 1.000        ; 0.010      ; 16.937     ;
; -15.885 ; pc:pc_top|o_pc_data_out[4] ; lsu:lsu_top|datamem:mem|data_mem[138][7]  ; i_clk        ; i_clk       ; 1.000        ; 0.003      ; 16.920     ;
; -15.885 ; pc:pc_top|o_pc_data_out[5] ; lsu:lsu_top|datamem:mem|data_mem[181][16] ; i_clk        ; i_clk       ; 1.000        ; -0.006     ; 16.911     ;
; -15.872 ; pc:pc_top|o_pc_data_out[3] ; lsu:lsu_top|datamem:mem|data_mem[306][26] ; i_clk        ; i_clk       ; 1.000        ; 0.029      ; 16.933     ;
; -15.871 ; pc:pc_top|o_pc_data_out[8] ; lsu:lsu_top|datamem:mem|data_mem[219][17] ; i_clk        ; i_clk       ; 1.000        ; 0.001      ; 16.904     ;
; -15.866 ; pc:pc_top|o_pc_data_out[3] ; lsu:lsu_top|datamem:mem|data_mem[370][26] ; i_clk        ; i_clk       ; 1.000        ; 0.029      ; 16.927     ;
; -15.861 ; pc:pc_top|o_pc_data_out[4] ; lsu:lsu_top|datamem:mem|data_mem[219][17] ; i_clk        ; i_clk       ; 1.000        ; -0.006     ; 16.887     ;
; -15.854 ; pc:pc_top|o_pc_data_out[7] ; lsu:lsu_top|datamem:mem|data_mem[138][7]  ; i_clk        ; i_clk       ; 1.000        ; 0.003      ; 16.889     ;
; -15.830 ; pc:pc_top|o_pc_data_out[7] ; lsu:lsu_top|datamem:mem|data_mem[219][17] ; i_clk        ; i_clk       ; 1.000        ; -0.006     ; 16.856     ;
; -15.830 ; pc:pc_top|o_pc_data_out[2] ; lsu:lsu_top|datamem:mem|data_mem[446][3]  ; i_clk        ; i_clk       ; 1.000        ; 0.005      ; 16.867     ;
; -15.816 ; pc:pc_top|o_pc_data_out[2] ; regfile:regfile_top|Reg[3][19]            ; i_clk        ; i_clk       ; 1.000        ; 0.014      ; 16.862     ;
; -15.802 ; pc:pc_top|o_pc_data_out[8] ; lsu:lsu_top|datamem:mem|data_mem[181][16] ; i_clk        ; i_clk       ; 1.000        ; 0.001      ; 16.835     ;
; -15.792 ; pc:pc_top|o_pc_data_out[4] ; lsu:lsu_top|datamem:mem|data_mem[181][16] ; i_clk        ; i_clk       ; 1.000        ; -0.006     ; 16.818     ;
; -15.771 ; pc:pc_top|o_pc_data_out[2] ; lsu:lsu_top|datamem:mem|data_mem[382][0]  ; i_clk        ; i_clk       ; 1.000        ; 0.011      ; 16.814     ;
; -15.768 ; pc:pc_top|o_pc_data_out[2] ; lsu:lsu_top|datamem:mem|data_mem[306][26] ; i_clk        ; i_clk       ; 1.000        ; 0.029      ; 16.829     ;
; -15.762 ; pc:pc_top|o_pc_data_out[5] ; regfile:regfile_top|Reg[3][19]            ; i_clk        ; i_clk       ; 1.000        ; 0.006      ; 16.800     ;
; -15.762 ; pc:pc_top|o_pc_data_out[2] ; lsu:lsu_top|datamem:mem|data_mem[370][26] ; i_clk        ; i_clk       ; 1.000        ; 0.029      ; 16.823     ;
; -15.761 ; pc:pc_top|o_pc_data_out[7] ; lsu:lsu_top|datamem:mem|data_mem[181][16] ; i_clk        ; i_clk       ; 1.000        ; -0.006     ; 16.787     ;
; -15.756 ; pc:pc_top|o_pc_data_out[3] ; regfile:regfile_top|Reg[2][19]            ; i_clk        ; i_clk       ; 1.000        ; 0.003      ; 16.791     ;
; -15.755 ; pc:pc_top|o_pc_data_out[3] ; regfile:regfile_top|Reg[1][19]            ; i_clk        ; i_clk       ; 1.000        ; 0.003      ; 16.790     ;
; -15.742 ; pc:pc_top|o_pc_data_out[3] ; lsu:lsu_top|datamem:mem|data_mem[272][6]  ; i_clk        ; i_clk       ; 1.000        ; 0.029      ; 16.803     ;
; -15.741 ; pc:pc_top|o_pc_data_out[3] ; lsu:lsu_top|datamem:mem|data_mem[280][6]  ; i_clk        ; i_clk       ; 1.000        ; 0.029      ; 16.802     ;
; -15.734 ; pc:pc_top|o_pc_data_out[5] ; lsu:lsu_top|datamem:mem|data_mem[446][3]  ; i_clk        ; i_clk       ; 1.000        ; -0.003     ; 16.763     ;
; -15.729 ; pc:pc_top|o_pc_data_out[5] ; lsu:lsu_top|datamem:mem|data_mem[382][0]  ; i_clk        ; i_clk       ; 1.000        ; 0.003      ; 16.764     ;
; -15.720 ; pc:pc_top|o_pc_data_out[6] ; lsu:lsu_top|datamem:mem|data_mem[138][7]  ; i_clk        ; i_clk       ; 1.000        ; -0.003     ; 16.749     ;
; -15.719 ; pc:pc_top|o_pc_data_out[9] ; lsu:lsu_top|datamem:mem|data_mem[138][7]  ; i_clk        ; i_clk       ; 1.000        ; 0.010      ; 16.761     ;
; -15.714 ; pc:pc_top|o_pc_data_out[5] ; lsu:lsu_top|datamem:mem|data_mem[306][26] ; i_clk        ; i_clk       ; 1.000        ; 0.021      ; 16.767     ;
; -15.708 ; pc:pc_top|o_pc_data_out[5] ; lsu:lsu_top|datamem:mem|data_mem[370][26] ; i_clk        ; i_clk       ; 1.000        ; 0.021      ; 16.761     ;
; -15.696 ; pc:pc_top|o_pc_data_out[6] ; lsu:lsu_top|datamem:mem|data_mem[219][17] ; i_clk        ; i_clk       ; 1.000        ; -0.012     ; 16.716     ;
; -15.695 ; pc:pc_top|o_pc_data_out[9] ; lsu:lsu_top|datamem:mem|data_mem[219][17] ; i_clk        ; i_clk       ; 1.000        ; 0.001      ; 16.728     ;
; -15.679 ; pc:pc_top|o_pc_data_out[8] ; regfile:regfile_top|Reg[3][19]            ; i_clk        ; i_clk       ; 1.000        ; 0.013      ; 16.724     ;
; -15.669 ; pc:pc_top|o_pc_data_out[4] ; regfile:regfile_top|Reg[3][19]            ; i_clk        ; i_clk       ; 1.000        ; 0.006      ; 16.707     ;
; -15.665 ; pc:pc_top|o_pc_data_out[3] ; lsu:lsu_top|datamem:mem|data_mem[153][2]  ; i_clk        ; i_clk       ; 1.000        ; -0.005     ; 16.692     ;
; -15.652 ; pc:pc_top|o_pc_data_out[7] ; lsu:lsu_top|datamem:mem|data_mem[446][3]  ; i_clk        ; i_clk       ; 1.000        ; -0.003     ; 16.681     ;
; -15.652 ; pc:pc_top|o_pc_data_out[2] ; regfile:regfile_top|Reg[2][19]            ; i_clk        ; i_clk       ; 1.000        ; 0.003      ; 16.687     ;
; -15.651 ; pc:pc_top|o_pc_data_out[8] ; lsu:lsu_top|datamem:mem|data_mem[446][3]  ; i_clk        ; i_clk       ; 1.000        ; 0.004      ; 16.687     ;
; -15.651 ; pc:pc_top|o_pc_data_out[2] ; regfile:regfile_top|Reg[1][19]            ; i_clk        ; i_clk       ; 1.000        ; 0.003      ; 16.686     ;
; -15.646 ; pc:pc_top|o_pc_data_out[8] ; lsu:lsu_top|datamem:mem|data_mem[382][0]  ; i_clk        ; i_clk       ; 1.000        ; 0.010      ; 16.688     ;
; -15.642 ; pc:pc_top|o_pc_data_out[2] ; lsu:lsu_top|datamem:mem|data_mem[272][6]  ; i_clk        ; i_clk       ; 1.000        ; 0.029      ; 16.703     ;
; -15.641 ; pc:pc_top|o_pc_data_out[4] ; lsu:lsu_top|datamem:mem|data_mem[446][3]  ; i_clk        ; i_clk       ; 1.000        ; -0.003     ; 16.670     ;
; -15.641 ; pc:pc_top|o_pc_data_out[2] ; lsu:lsu_top|datamem:mem|data_mem[280][6]  ; i_clk        ; i_clk       ; 1.000        ; 0.029      ; 16.702     ;
; -15.638 ; pc:pc_top|o_pc_data_out[7] ; regfile:regfile_top|Reg[3][19]            ; i_clk        ; i_clk       ; 1.000        ; 0.006      ; 16.676     ;
; -15.636 ; pc:pc_top|o_pc_data_out[4] ; lsu:lsu_top|datamem:mem|data_mem[382][0]  ; i_clk        ; i_clk       ; 1.000        ; 0.003      ; 16.671     ;
; -15.631 ; pc:pc_top|o_pc_data_out[8] ; lsu:lsu_top|datamem:mem|data_mem[306][26] ; i_clk        ; i_clk       ; 1.000        ; 0.028      ; 16.691     ;
; -15.627 ; pc:pc_top|o_pc_data_out[6] ; lsu:lsu_top|datamem:mem|data_mem[181][16] ; i_clk        ; i_clk       ; 1.000        ; -0.012     ; 16.647     ;
; -15.626 ; pc:pc_top|o_pc_data_out[9] ; lsu:lsu_top|datamem:mem|data_mem[181][16] ; i_clk        ; i_clk       ; 1.000        ; 0.001      ; 16.659     ;
; -15.625 ; pc:pc_top|o_pc_data_out[8] ; lsu:lsu_top|datamem:mem|data_mem[370][26] ; i_clk        ; i_clk       ; 1.000        ; 0.028      ; 16.685     ;
; -15.623 ; pc:pc_top|o_pc_data_out[3] ; lsu:lsu_top|datamem:mem|data_mem[244][24] ; i_clk        ; i_clk       ; 1.000        ; 0.003      ; 16.658     ;
; -15.621 ; pc:pc_top|o_pc_data_out[4] ; lsu:lsu_top|datamem:mem|data_mem[306][26] ; i_clk        ; i_clk       ; 1.000        ; 0.021      ; 16.674     ;
; -15.617 ; pc:pc_top|o_pc_data_out[3] ; lsu:lsu_top|datamem:mem|data_mem[132][24] ; i_clk        ; i_clk       ; 1.000        ; 0.012      ; 16.661     ;
; -15.615 ; pc:pc_top|o_pc_data_out[4] ; lsu:lsu_top|datamem:mem|data_mem[370][26] ; i_clk        ; i_clk       ; 1.000        ; 0.021      ; 16.668     ;
; -15.598 ; pc:pc_top|o_pc_data_out[5] ; regfile:regfile_top|Reg[2][19]            ; i_clk        ; i_clk       ; 1.000        ; -0.005     ; 16.625     ;
; -15.597 ; pc:pc_top|o_pc_data_out[5] ; regfile:regfile_top|Reg[1][19]            ; i_clk        ; i_clk       ; 1.000        ; -0.005     ; 16.624     ;
; -15.590 ; pc:pc_top|o_pc_data_out[7] ; lsu:lsu_top|datamem:mem|data_mem[306][26] ; i_clk        ; i_clk       ; 1.000        ; 0.021      ; 16.643     ;
; -15.584 ; pc:pc_top|o_pc_data_out[7] ; lsu:lsu_top|datamem:mem|data_mem[370][26] ; i_clk        ; i_clk       ; 1.000        ; 0.021      ; 16.637     ;
; -15.568 ; pc:pc_top|o_pc_data_out[2] ; lsu:lsu_top|datamem:mem|data_mem[153][2]  ; i_clk        ; i_clk       ; 1.000        ; -0.005     ; 16.595     ;
; -15.564 ; pc:pc_top|o_pc_data_out[7] ; lsu:lsu_top|datamem:mem|data_mem[382][0]  ; i_clk        ; i_clk       ; 1.000        ; 0.003      ; 16.599     ;
; -15.562 ; pc:pc_top|o_pc_data_out[3] ; lsu:lsu_top|datamem:mem|data_mem[158][20] ; i_clk        ; i_clk       ; 1.000        ; 0.026      ; 16.620     ;
; -15.560 ; pc:pc_top|o_pc_data_out[3] ; lsu:lsu_top|datamem:mem|data_mem[156][20] ; i_clk        ; i_clk       ; 1.000        ; 0.026      ; 16.618     ;
; -15.554 ; pc:pc_top|o_pc_data_out[3] ; lsu:lsu_top|datamem:mem|data_mem[375][16] ; i_clk        ; i_clk       ; 1.000        ; 0.005      ; 16.591     ;
; -15.536 ; pc:pc_top|o_pc_data_out[3] ; lsu:lsu_top|datamem:mem|data_mem[169][2]  ; i_clk        ; i_clk       ; 1.000        ; -0.001     ; 16.567     ;
; -15.535 ; pc:pc_top|o_pc_data_out[3] ; lsu:lsu_top|datamem:mem|data_mem[479][10] ; i_clk        ; i_clk       ; 1.000        ; 0.031      ; 16.598     ;
; -15.535 ; pc:pc_top|o_pc_data_out[5] ; lsu:lsu_top|datamem:mem|data_mem[272][6]  ; i_clk        ; i_clk       ; 1.000        ; 0.021      ; 16.588     ;
; -15.534 ; pc:pc_top|o_pc_data_out[5] ; lsu:lsu_top|datamem:mem|data_mem[280][6]  ; i_clk        ; i_clk       ; 1.000        ; 0.021      ; 16.587     ;
; -15.520 ; pc:pc_top|o_pc_data_out[3] ; lsu:lsu_top|datamem:mem|data_mem[22][26]  ; i_clk        ; i_clk       ; 1.000        ; 0.036      ; 16.588     ;
; -15.519 ; pc:pc_top|o_pc_data_out[3] ; lsu:lsu_top|datamem:mem|data_mem[253][20] ; i_clk        ; i_clk       ; 1.000        ; 0.039      ; 16.590     ;
; -15.519 ; pc:pc_top|o_pc_data_out[2] ; lsu:lsu_top|datamem:mem|data_mem[244][24] ; i_clk        ; i_clk       ; 1.000        ; 0.003      ; 16.554     ;
; -15.517 ; pc:pc_top|o_pc_data_out[6] ; lsu:lsu_top|datamem:mem|data_mem[446][3]  ; i_clk        ; i_clk       ; 1.000        ; -0.009     ; 16.540     ;
; -15.517 ; pc:pc_top|o_pc_data_out[9] ; lsu:lsu_top|datamem:mem|data_mem[446][3]  ; i_clk        ; i_clk       ; 1.000        ; 0.004      ; 16.553     ;
; -15.515 ; pc:pc_top|o_pc_data_out[3] ; lsu:lsu_top|datamem:mem|data_mem[327][26] ; i_clk        ; i_clk       ; 1.000        ; 0.051      ; 16.598     ;
; -15.515 ; pc:pc_top|o_pc_data_out[8] ; regfile:regfile_top|Reg[2][19]            ; i_clk        ; i_clk       ; 1.000        ; 0.002      ; 16.549     ;
; -15.514 ; pc:pc_top|o_pc_data_out[8] ; regfile:regfile_top|Reg[1][19]            ; i_clk        ; i_clk       ; 1.000        ; 0.002      ; 16.548     ;
; -15.513 ; pc:pc_top|o_pc_data_out[2] ; lsu:lsu_top|datamem:mem|data_mem[132][24] ; i_clk        ; i_clk       ; 1.000        ; 0.012      ; 16.557     ;
; -15.511 ; pc:pc_top|o_pc_data_out[3] ; lsu:lsu_top|datamem:mem|data_mem[207][20] ; i_clk        ; i_clk       ; 1.000        ; 0.034      ; 16.577     ;
; -15.506 ; pc:pc_top|o_pc_data_out[3] ; lsu:lsu_top|datamem:mem|data_mem[128][4]  ; i_clk        ; i_clk       ; 1.000        ; 0.023      ; 16.561     ;
; -15.505 ; pc:pc_top|o_pc_data_out[4] ; regfile:regfile_top|Reg[2][19]            ; i_clk        ; i_clk       ; 1.000        ; -0.005     ; 16.532     ;
; -15.504 ; pc:pc_top|o_pc_data_out[6] ; regfile:regfile_top|Reg[3][19]            ; i_clk        ; i_clk       ; 1.000        ; 0.000      ; 16.536     ;
; -15.504 ; pc:pc_top|o_pc_data_out[4] ; regfile:regfile_top|Reg[1][19]            ; i_clk        ; i_clk       ; 1.000        ; -0.005     ; 16.531     ;
; -15.503 ; pc:pc_top|o_pc_data_out[9] ; regfile:regfile_top|Reg[3][19]            ; i_clk        ; i_clk       ; 1.000        ; 0.013      ; 16.548     ;
; -15.502 ; pc:pc_top|o_pc_data_out[3] ; lsu:lsu_top|datamem:mem|data_mem[145][13] ; i_clk        ; i_clk       ; 1.000        ; -0.005     ; 16.529     ;
; -15.492 ; pc:pc_top|o_pc_data_out[3] ; lsu:lsu_top|datamem:mem|data_mem[257][14] ; i_clk        ; i_clk       ; 1.000        ; 0.023      ; 16.547     ;
; -15.481 ; pc:pc_top|o_pc_data_out[3] ; lsu:lsu_top|datamem:mem|data_mem[18][26]  ; i_clk        ; i_clk       ; 1.000        ; 0.021      ; 16.534     ;
; -15.481 ; pc:pc_top|o_pc_data_out[3] ; lsu:lsu_top|datamem:mem|data_mem[129][13] ; i_clk        ; i_clk       ; 1.000        ; 0.004      ; 16.517     ;
; -15.480 ; pc:pc_top|o_pc_data_out[3] ; lsu:lsu_top|datamem:mem|data_mem[137][13] ; i_clk        ; i_clk       ; 1.000        ; 0.004      ; 16.516     ;
; -15.474 ; pc:pc_top|o_pc_data_out[7] ; regfile:regfile_top|Reg[2][19]            ; i_clk        ; i_clk       ; 1.000        ; -0.005     ; 16.501     ;
; -15.473 ; pc:pc_top|o_pc_data_out[7] ; regfile:regfile_top|Reg[1][19]            ; i_clk        ; i_clk       ; 1.000        ; -0.005     ; 16.500     ;
; -15.470 ; pc:pc_top|o_pc_data_out[3] ; lsu:lsu_top|datamem:mem|data_mem[1][26]   ; i_clk        ; i_clk       ; 1.000        ; 0.039      ; 16.541     ;
; -15.465 ; pc:pc_top|o_pc_data_out[5] ; lsu:lsu_top|datamem:mem|data_mem[244][24] ; i_clk        ; i_clk       ; 1.000        ; -0.005     ; 16.492     ;
; -15.464 ; pc:pc_top|o_pc_data_out[7] ; lsu:lsu_top|datamem:mem|data_mem[272][6]  ; i_clk        ; i_clk       ; 1.000        ; 0.021      ; 16.517     ;
+---------+----------------------------+-------------------------------------------+--------------+-------------+--------------+------------+------------+


+---------------------------------------------------------------------------------------------------------------------------+
; Fast Model Setup: 'i_reset'                                                                                               ;
+--------+-----------------------------+--------------+--------------+-------------+--------------+------------+------------+
; Slack  ; From Node                   ; To Node      ; Launch Clock ; Latch Clock ; Relationship ; Clock Skew ; Data Delay ;
+--------+-----------------------------+--------------+--------------+-------------+--------------+------------+------------+
; -0.911 ; pc:pc_top|o_pc_data_out[10] ; o_inst_vld~1 ; i_clk        ; i_reset     ; 0.500        ; 0.804      ; 1.811      ;
; -0.823 ; pc:pc_top|o_pc_data_out[2]  ; o_inst_vld~1 ; i_clk        ; i_reset     ; 0.500        ; 0.804      ; 1.723      ;
; -0.753 ; pc:pc_top|o_pc_data_out[3]  ; o_inst_vld~1 ; i_clk        ; i_reset     ; 0.500        ; 0.804      ; 1.653      ;
; -0.725 ; pc:pc_top|o_pc_data_out[11] ; o_inst_vld~1 ; i_clk        ; i_reset     ; 0.500        ; 0.804      ; 1.625      ;
; -0.698 ; pc:pc_top|o_pc_data_out[6]  ; o_inst_vld~1 ; i_clk        ; i_reset     ; 0.500        ; 0.790      ; 1.584      ;
; -0.696 ; pc:pc_top|o_pc_data_out[8]  ; o_inst_vld~1 ; i_clk        ; i_reset     ; 0.500        ; 0.803      ; 1.595      ;
; -0.680 ; pc:pc_top|o_pc_data_out[7]  ; o_inst_vld~1 ; i_clk        ; i_reset     ; 0.500        ; 0.796      ; 1.572      ;
; -0.666 ; pc:pc_top|o_pc_data_out[4]  ; o_inst_vld~1 ; i_clk        ; i_reset     ; 0.500        ; 0.796      ; 1.558      ;
; -0.662 ; pc:pc_top|o_pc_data_out[13] ; o_inst_vld~1 ; i_clk        ; i_reset     ; 0.500        ; 0.804      ; 1.562      ;
; -0.654 ; pc:pc_top|o_pc_data_out[5]  ; o_inst_vld~1 ; i_clk        ; i_reset     ; 0.500        ; 0.796      ; 1.546      ;
; -0.572 ; pc:pc_top|o_pc_data_out[9]  ; o_inst_vld~1 ; i_clk        ; i_reset     ; 0.500        ; 0.803      ; 1.471      ;
; -0.547 ; pc:pc_top|o_pc_data_out[12] ; o_inst_vld~1 ; i_clk        ; i_reset     ; 0.500        ; 0.804      ; 1.447      ;
+--------+-----------------------------+--------------+--------------+-------------+--------------+------------+------------+


+-----------------------------------------------------------------------------------------------------------------------------------------------------------------------------------------+
; Fast Model Hold: 'i_clk'                                                                                                                                                                ;
+-------+-----------------------------------------------------+-----------------------------------------------------+--------------+-------------+--------------+------------+------------+
; Slack ; From Node                                           ; To Node                                             ; Launch Clock ; Latch Clock ; Relationship ; Clock Skew ; Data Delay ;
+-------+-----------------------------------------------------+-----------------------------------------------------+--------------+-------------+--------------+------------+------------+
; 0.215 ; pc:pc_top|o_pc_data_out[14]                         ; pc:pc_top|o_pc_data_out[14]                         ; i_clk        ; i_clk       ; 0.000        ; 0.000      ; 0.367      ;
; 0.215 ; pc:pc_top|o_pc_data_out[23]                         ; pc:pc_top|o_pc_data_out[23]                         ; i_clk        ; i_clk       ; 0.000        ; 0.000      ; 0.367      ;
; 0.215 ; pc:pc_top|o_pc_data_out[17]                         ; pc:pc_top|o_pc_data_out[17]                         ; i_clk        ; i_clk       ; 0.000        ; 0.000      ; 0.367      ;
; 0.215 ; pc:pc_top|o_pc_data_out[20]                         ; pc:pc_top|o_pc_data_out[20]                         ; i_clk        ; i_clk       ; 0.000        ; 0.000      ; 0.367      ;
; 0.215 ; pc:pc_top|o_pc_data_out[26]                         ; pc:pc_top|o_pc_data_out[26]                         ; i_clk        ; i_clk       ; 0.000        ; 0.000      ; 0.367      ;
; 0.215 ; pc:pc_top|o_pc_data_out[29]                         ; pc:pc_top|o_pc_data_out[29]                         ; i_clk        ; i_clk       ; 0.000        ; 0.000      ; 0.367      ;
; 0.245 ; pc:pc_top|o_pc_data_out[18]                         ; o_pc_debug[18]~reg0                                 ; i_clk        ; i_clk       ; 0.000        ; 0.000      ; 0.397      ;
; 0.245 ; pc:pc_top|o_pc_data_out[24]                         ; o_pc_debug[24]~reg0                                 ; i_clk        ; i_clk       ; 0.000        ; 0.000      ; 0.397      ;
; 0.252 ; pc:pc_top|o_pc_data_out[29]                         ; o_pc_debug[29]~reg0                                 ; i_clk        ; i_clk       ; 0.000        ; 0.000      ; 0.404      ;
; 0.253 ; pc:pc_top|o_pc_data_out[14]                         ; o_pc_debug[14]~reg0                                 ; i_clk        ; i_clk       ; 0.000        ; 0.000      ; 0.405      ;
; 0.257 ; pc:pc_top|o_pc_data_out[19]                         ; o_pc_debug[19]~reg0                                 ; i_clk        ; i_clk       ; 0.000        ; 0.000      ; 0.409      ;
; 0.265 ; pc:pc_top|o_pc_data_out[17]                         ; o_pc_debug[17]~reg0                                 ; i_clk        ; i_clk       ; 0.000        ; 0.000      ; 0.417      ;
; 0.332 ; pc:pc_top|o_pc_data_out[1]                          ; o_pc_debug[1]~reg0                                  ; i_clk        ; i_clk       ; 0.000        ; 0.000      ; 0.484      ;
; 0.334 ; pc:pc_top|o_pc_data_out[0]                          ; o_pc_debug[0]~reg0                                  ; i_clk        ; i_clk       ; 0.000        ; 0.000      ; 0.486      ;
; 0.413 ; pc:pc_top|o_pc_data_out[22]                         ; o_pc_debug[22]~reg0                                 ; i_clk        ; i_clk       ; 0.000        ; 0.000      ; 0.565      ;
; 0.419 ; pc:pc_top|o_pc_data_out[27]                         ; o_pc_debug[27]~reg0                                 ; i_clk        ; i_clk       ; 0.000        ; 0.000      ; 0.571      ;
; 0.432 ; pc:pc_top|o_pc_data_out[20]                         ; o_pc_debug[20]~reg0                                 ; i_clk        ; i_clk       ; 0.000        ; 0.000      ; 0.584      ;
; 0.455 ; pc:pc_top|o_pc_data_out[6]                          ; o_pc_debug[6]~reg0                                  ; i_clk        ; i_clk       ; 0.000        ; 0.000      ; 0.607      ;
; 0.465 ; pc:pc_top|o_pc_data_out[21]                         ; o_pc_debug[21]~reg0                                 ; i_clk        ; i_clk       ; 0.000        ; -0.003     ; 0.614      ;
; 0.480 ; pc:pc_top|o_pc_data_out[17]                         ; pc:pc_top|o_pc_data_out[18]                         ; i_clk        ; i_clk       ; 0.000        ; 0.000      ; 0.632      ;
; 0.481 ; pc:pc_top|o_pc_data_out[17]                         ; pc:pc_top|o_pc_data_out[19]                         ; i_clk        ; i_clk       ; 0.000        ; 0.000      ; 0.633      ;
; 0.498 ; pc:pc_top|o_pc_data_out[5]                          ; pc:pc_top|o_pc_data_out[5]                          ; i_clk        ; i_clk       ; 0.000        ; 0.000      ; 0.650      ;
; 0.545 ; pc:pc_top|o_pc_data_out[20]                         ; pc:pc_top|o_pc_data_out[21]                         ; i_clk        ; i_clk       ; 0.000        ; 0.000      ; 0.697      ;
; 0.572 ; lsu:lsu_top|output_buffer:outputperiph|MEMBF[4][5]  ; lsu:lsu_top|output_buffer:outputperiph|MEMBF[4][5]  ; i_clk        ; i_clk       ; 0.000        ; 0.000      ; 0.724      ;
; 0.586 ; pc:pc_top|o_pc_data_out[18]                         ; pc:pc_top|o_pc_data_out[18]                         ; i_clk        ; i_clk       ; 0.000        ; 0.000      ; 0.738      ;
; 0.589 ; pc:pc_top|o_pc_data_out[19]                         ; pc:pc_top|o_pc_data_out[19]                         ; i_clk        ; i_clk       ; 0.000        ; 0.000      ; 0.741      ;
; 0.603 ; pc:pc_top|o_pc_data_out[18]                         ; pc:pc_top|o_pc_data_out[19]                         ; i_clk        ; i_clk       ; 0.000        ; 0.000      ; 0.755      ;
; 0.625 ; pc:pc_top|o_pc_data_out[4]                          ; pc:pc_top|o_pc_data_out[5]                          ; i_clk        ; i_clk       ; 0.000        ; 0.000      ; 0.777      ;
; 0.627 ; pc:pc_top|o_pc_data_out[22]                         ; pc:pc_top|o_pc_data_out[22]                         ; i_clk        ; i_clk       ; 0.000        ; 0.000      ; 0.779      ;
; 0.664 ; lsu:lsu_top|output_buffer:outputperiph|MEMBF[4][7]  ; lsu:lsu_top|output_buffer:outputperiph|MEMBF[2][7]  ; i_clk        ; i_clk       ; 0.000        ; 0.000      ; 0.816      ;
; 0.683 ; pc:pc_top|o_pc_data_out[21]                         ; pc:pc_top|o_pc_data_out[21]                         ; i_clk        ; i_clk       ; 0.000        ; 0.000      ; 0.835      ;
; 0.691 ; pc:pc_top|o_pc_data_out[27]                         ; pc:pc_top|o_pc_data_out[27]                         ; i_clk        ; i_clk       ; 0.000        ; 0.000      ; 0.843      ;
; 0.709 ; i_reset                                             ; regfile:regfile_top|Reg[15][7]                      ; i_reset      ; i_clk       ; 0.000        ; 1.617      ; 2.478      ;
; 0.718 ; lsu:lsu_top|output_buffer:outputperiph|MEMBF[4][23] ; lsu:lsu_top|output_buffer:outputperiph|MEMBF[2][7]  ; i_clk        ; i_clk       ; 0.000        ; 0.000      ; 0.870      ;
; 0.719 ; pc:pc_top|o_pc_data_out[30]                         ; o_pc_debug[30]~reg0                                 ; i_clk        ; i_clk       ; 0.000        ; -0.019     ; 0.852      ;
; 0.749 ; pc:pc_top|o_pc_data_out[25]                         ; o_pc_debug[25]~reg0                                 ; i_clk        ; i_clk       ; 0.000        ; -0.003     ; 0.898      ;
; 0.751 ; lsu:lsu_top|output_buffer:outputperiph|MEMBF[4][29] ; lsu:lsu_top|output_buffer:outputperiph|MEMBF[1][29] ; i_clk        ; i_clk       ; 0.000        ; 0.000      ; 0.903      ;
; 0.753 ; lsu:lsu_top|INPUT[11]                               ; regfile:regfile_top|Reg[29][11]                     ; i_clk        ; i_clk       ; 0.000        ; 0.000      ; 0.905      ;
; 0.755 ; pc:pc_top|o_pc_data_out[27]                         ; regfile:regfile_top|Reg[7][27]                      ; i_clk        ; i_clk       ; 0.000        ; 0.000      ; 0.907      ;
; 0.755 ; lsu:lsu_top|output_buffer:outputperiph|MEMBF[4][6]  ; lsu:lsu_top|output_buffer:outputperiph|MEMBF[4][6]  ; i_clk        ; i_clk       ; 0.000        ; 0.000      ; 0.907      ;
; 0.763 ; lsu:lsu_top|INPUT[16]                               ; regfile:regfile_top|Reg[25][16]                     ; i_clk        ; i_clk       ; 0.000        ; 0.000      ; 0.915      ;
; 0.763 ; pc:pc_top|o_pc_data_out[21]                         ; pc:pc_top|o_pc_data_out[22]                         ; i_clk        ; i_clk       ; 0.000        ; 0.000      ; 0.915      ;
; 0.775 ; pc:pc_top|o_pc_data_out[5]                          ; o_pc_debug[5]~reg0                                  ; i_clk        ; i_clk       ; 0.000        ; 0.017      ; 0.944      ;
; 0.779 ; pc:pc_top|o_pc_data_out[20]                         ; pc:pc_top|o_pc_data_out[22]                         ; i_clk        ; i_clk       ; 0.000        ; 0.000      ; 0.931      ;
; 0.785 ; pc:pc_top|o_pc_data_out[31]                         ; o_pc_debug[31]~reg0                                 ; i_clk        ; i_clk       ; 0.000        ; 0.011      ; 0.948      ;
; 0.787 ; lsu:lsu_top|INPUT[7]                                ; regfile:regfile_top|Reg[15][7]                      ; i_clk        ; i_clk       ; 0.000        ; 0.000      ; 0.939      ;
; 0.792 ; i_reset                                             ; regfile:regfile_top|Reg[25][18]                     ; i_reset      ; i_clk       ; 0.000        ; 1.591      ; 2.535      ;
; 0.801 ; lsu:lsu_top|INPUT[27]                               ; regfile:regfile_top|Reg[7][27]                      ; i_clk        ; i_clk       ; 0.000        ; 0.000      ; 0.953      ;
; 0.812 ; pc:pc_top|o_pc_data_out[13]                         ; o_pc_debug[13]~reg0                                 ; i_clk        ; i_clk       ; 0.000        ; 0.025      ; 0.989      ;
; 0.835 ; lsu:lsu_top|output_buffer:outputperiph|MEMBF[4][5]  ; lsu:lsu_top|output_buffer:outputperiph|MEMBF[3][5]  ; i_clk        ; i_clk       ; 0.000        ; 0.000      ; 0.987      ;
; 0.842 ; lsu:lsu_top|output_buffer:outputperiph|MEMBF[4][17] ; lsu:lsu_top|output_buffer:outputperiph|MEMBF[4][17] ; i_clk        ; i_clk       ; 0.000        ; 0.000      ; 0.994      ;
; 0.858 ; lsu:lsu_top|INPUT[16]                               ; regfile:regfile_top|Reg[31][16]                     ; i_clk        ; i_clk       ; 0.000        ; -0.001     ; 1.009      ;
; 0.870 ; pc:pc_top|o_pc_data_out[23]                         ; pc:pc_top|o_pc_data_out[24]                         ; i_clk        ; i_clk       ; 0.000        ; -0.003     ; 1.019      ;
; 0.881 ; pc:pc_top|o_pc_data_out[23]                         ; o_pc_debug[23]~reg0                                 ; i_clk        ; i_clk       ; 0.000        ; -0.002     ; 1.031      ;
; 0.888 ; pc:pc_top|o_pc_data_out[22]                         ; regfile:regfile_top|Reg[25][22]                     ; i_clk        ; i_clk       ; 0.000        ; -0.010     ; 1.030      ;
; 0.890 ; pc:pc_top|o_pc_data_out[9]                          ; o_pc_debug[9]~reg0                                  ; i_clk        ; i_clk       ; 0.000        ; 0.027      ; 1.069      ;
; 0.891 ; pc:pc_top|o_pc_data_out[29]                         ; pc:pc_top|o_pc_data_out[31]                         ; i_clk        ; i_clk       ; 0.000        ; 0.019      ; 1.062      ;
; 0.896 ; i_reset                                             ; regfile:regfile_top|Reg[15][19]                     ; i_reset      ; i_clk       ; 0.000        ; 1.638      ; 2.686      ;
; 0.908 ; lsu:lsu_top|INPUT[3]                                ; regfile:regfile_top|Reg[15][3]                      ; i_clk        ; i_clk       ; 0.000        ; -0.001     ; 1.059      ;
; 0.915 ; i_reset                                             ; regfile:regfile_top|Reg[21][21]                     ; i_reset      ; i_clk       ; 0.000        ; 1.641      ; 2.708      ;
; 0.920 ; lsu:lsu_top|output_buffer:outputperiph|MEMBF[4][7]  ; lsu:lsu_top|output_buffer:outputperiph|MEMBF[4][7]  ; i_clk        ; i_clk       ; 0.000        ; 0.000      ; 1.072      ;
; 0.927 ; lsu:lsu_top|INPUT[15]                               ; regfile:regfile_top|Reg[21][15]                     ; i_clk        ; i_clk       ; 0.000        ; 0.000      ; 1.079      ;
; 0.928 ; lsu:lsu_top|output_buffer:outputperiph|MEMBF[4][5]  ; lsu:lsu_top|output_buffer:outputperiph|MEMBF[0][5]  ; i_clk        ; i_clk       ; 0.000        ; -0.003     ; 1.077      ;
; 0.938 ; lsu:lsu_top|output_buffer:outputperiph|MEMBF[4][31] ; lsu:lsu_top|output_buffer:outputperiph|MEMBF[4][25] ; i_clk        ; i_clk       ; 0.000        ; -0.002     ; 1.088      ;
; 0.957 ; lsu:lsu_top|INPUT[16]                               ; regfile:regfile_top|Reg[29][16]                     ; i_clk        ; i_clk       ; 0.000        ; 0.004      ; 1.113      ;
; 0.963 ; i_reset                                             ; regfile:regfile_top|Reg[15][3]                      ; i_reset      ; i_clk       ; 0.000        ; 1.617      ; 2.732      ;
; 0.969 ; pc:pc_top|o_pc_data_out[2]                          ; pc:pc_top|o_pc_data_out[3]                          ; i_clk        ; i_clk       ; 0.000        ; 0.000      ; 1.121      ;
; 0.974 ; lsu:lsu_top|output_buffer:outputperiph|MEMBF[4][23] ; lsu:lsu_top|output_buffer:outputperiph|MEMBF[4][7]  ; i_clk        ; i_clk       ; 0.000        ; 0.000      ; 1.126      ;
; 0.993 ; pc:pc_top|o_pc_data_out[7]                          ; o_pc_debug[7]~reg0                                  ; i_clk        ; i_clk       ; 0.000        ; 0.014      ; 1.159      ;
; 1.012 ; lsu:lsu_top|INPUT[17]                               ; regfile:regfile_top|Reg[21][17]                     ; i_clk        ; i_clk       ; 0.000        ; 0.001      ; 1.165      ;
; 1.012 ; pc:pc_top|o_pc_data_out[4]                          ; o_pc_debug[4]~reg0                                  ; i_clk        ; i_clk       ; 0.000        ; 0.020      ; 1.184      ;
; 1.016 ; pc:pc_top|o_pc_data_out[27]                         ; regfile:regfile_top|Reg[21][27]                     ; i_clk        ; i_clk       ; 0.000        ; 0.000      ; 1.168      ;
; 1.016 ; pc:pc_top|o_pc_data_out[14]                         ; regfile:regfile_top|Reg[25][16]                     ; i_clk        ; i_clk       ; 0.000        ; 0.000      ; 1.168      ;
; 1.016 ; i_reset                                             ; regfile:regfile_top|Reg[21][17]                     ; i_reset      ; i_clk       ; 0.000        ; 1.619      ; 2.787      ;
; 1.023 ; i_reset                                             ; regfile:regfile_top|Reg[21][1]                      ; i_reset      ; i_clk       ; 0.000        ; 1.635      ; 2.810      ;
; 1.024 ; pc:pc_top|o_pc_data_out[21]                         ; regfile:regfile_top|Reg[25][22]                     ; i_clk        ; i_clk       ; 0.000        ; -0.010     ; 1.166      ;
; 1.031 ; lsu:lsu_top|output_buffer:outputperiph|MEMBF[3][17] ; lsu:lsu_top|output_buffer:outputperiph|MEMBF[4][17] ; i_clk        ; i_clk       ; 0.000        ; 0.000      ; 1.183      ;
; 1.034 ; lsu:lsu_top|output_buffer:outputperiph|MEMBF[4][26] ; lsu:lsu_top|output_buffer:outputperiph|MEMBF[4][2]  ; i_clk        ; i_clk       ; 0.000        ; 0.000      ; 1.186      ;
; 1.040 ; pc:pc_top|o_pc_data_out[20]                         ; regfile:regfile_top|Reg[25][22]                     ; i_clk        ; i_clk       ; 0.000        ; -0.010     ; 1.182      ;
; 1.044 ; pc:pc_top|o_pc_data_out[29]                         ; regfile:regfile_top|Reg[25][31]                     ; i_clk        ; i_clk       ; 0.000        ; 0.021      ; 1.217      ;
; 1.049 ; pc:pc_top|o_pc_data_out[29]                         ; pc:pc_top|o_pc_data_out[30]                         ; i_clk        ; i_clk       ; 0.000        ; 0.019      ; 1.220      ;
; 1.052 ; pc:pc_top|o_pc_data_out[17]                         ; pc:pc_top|o_pc_data_out[20]                         ; i_clk        ; i_clk       ; 0.000        ; 0.000      ; 1.204      ;
; 1.053 ; pc:pc_top|o_pc_data_out[29]                         ; regfile:regfile_top|Reg[15][29]                     ; i_clk        ; i_clk       ; 0.000        ; 0.017      ; 1.222      ;
; 1.055 ; pc:pc_top|o_pc_data_out[23]                         ; regfile:regfile_top|Reg[25][24]                     ; i_clk        ; i_clk       ; 0.000        ; -0.003     ; 1.204      ;
; 1.055 ; i_reset                                             ; regfile:regfile_top|Reg[7][27]                      ; i_reset      ; i_clk       ; 0.000        ; 1.628      ; 2.835      ;
; 1.062 ; lsu:lsu_top|INPUT[27]                               ; regfile:regfile_top|Reg[21][27]                     ; i_clk        ; i_clk       ; 0.000        ; 0.000      ; 1.214      ;
; 1.065 ; i_reset                                             ; regfile:regfile_top|Reg[25][31]                     ; i_reset      ; i_clk       ; 0.000        ; 1.607      ; 2.824      ;
; 1.080 ; lsu:lsu_top|INPUT[11]                               ; regfile:regfile_top|Reg[12][11]                     ; i_clk        ; i_clk       ; 0.000        ; 0.009      ; 1.241      ;
; 1.080 ; i_reset                                             ; regfile:regfile_top|Reg[26][18]                     ; i_reset      ; i_clk       ; 0.000        ; 1.607      ; 2.839      ;
; 1.083 ; lsu:lsu_top|output_buffer:outputperiph|MEMBF[2][12] ; lsu:lsu_top|output_buffer:outputperiph|MEMBF[0][12] ; i_clk        ; i_clk       ; 0.000        ; 0.019      ; 1.254      ;
; 1.083 ; pc:pc_top|o_pc_data_out[5]                          ; regfile:regfile_top|Reg[15][7]                      ; i_clk        ; i_clk       ; 0.000        ; 0.007      ; 1.242      ;
; 1.086 ; i_reset                                             ; regfile:regfile_top|Reg[25][16]                     ; i_reset      ; i_clk       ; 0.000        ; 1.595      ; 2.833      ;
; 1.087 ; lsu:lsu_top|INPUT[16]                               ; regfile:regfile_top|Reg[10][16]                     ; i_clk        ; i_clk       ; 0.000        ; 0.023      ; 1.262      ;
; 1.087 ; lsu:lsu_top|INPUT[16]                               ; regfile:regfile_top|Reg[11][16]                     ; i_clk        ; i_clk       ; 0.000        ; 0.023      ; 1.262      ;
; 1.099 ; pc:pc_top|o_pc_data_out[24]                         ; pc:pc_top|o_pc_data_out[24]                         ; i_clk        ; i_clk       ; 0.000        ; 0.000      ; 1.251      ;
; 1.100 ; lsu:lsu_top|INPUT[11]                               ; regfile:regfile_top|Reg[1][11]                      ; i_clk        ; i_clk       ; 0.000        ; -0.014     ; 1.238      ;
; 1.101 ; lsu:lsu_top|output_buffer:outputperiph|MEMBF[4][26] ; lsu:lsu_top|output_buffer:outputperiph|MEMBF[0][26] ; i_clk        ; i_clk       ; 0.000        ; -0.016     ; 1.237      ;
; 1.103 ; lsu:lsu_top|INPUT[11]                               ; regfile:regfile_top|Reg[3][11]                      ; i_clk        ; i_clk       ; 0.000        ; -0.014     ; 1.241      ;
; 1.105 ; lsu:lsu_top|output_buffer:outputperiph|MEMBF[4][29] ; lsu:lsu_top|output_buffer:outputperiph|MEMBF[4][29] ; i_clk        ; i_clk       ; 0.000        ; 0.000      ; 1.257      ;
; 1.106 ; lsu:lsu_top|output_buffer:outputperiph|MEMBF[3][23] ; lsu:lsu_top|output_buffer:outputperiph|MEMBF[2][7]  ; i_clk        ; i_clk       ; 0.000        ; 0.027      ; 1.285      ;
+-------+-----------------------------------------------------+-----------------------------------------------------+--------------+-------------+--------------+------------+------------+


+--------------------------------------------------------------------------------------------------------------------------+
; Fast Model Hold: 'i_reset'                                                                                               ;
+-------+-----------------------------+--------------+--------------+-------------+--------------+------------+------------+
; Slack ; From Node                   ; To Node      ; Launch Clock ; Latch Clock ; Relationship ; Clock Skew ; Data Delay ;
+-------+-----------------------------+--------------+--------------+-------------+--------------+------------+------------+
; 1.143 ; pc:pc_top|o_pc_data_out[12] ; o_inst_vld~1 ; i_clk        ; i_reset     ; -0.500       ; 0.804      ; 1.447      ;
; 1.168 ; pc:pc_top|o_pc_data_out[9]  ; o_inst_vld~1 ; i_clk        ; i_reset     ; -0.500       ; 0.803      ; 1.471      ;
; 1.250 ; pc:pc_top|o_pc_data_out[5]  ; o_inst_vld~1 ; i_clk        ; i_reset     ; -0.500       ; 0.796      ; 1.546      ;
; 1.258 ; pc:pc_top|o_pc_data_out[13] ; o_inst_vld~1 ; i_clk        ; i_reset     ; -0.500       ; 0.804      ; 1.562      ;
; 1.262 ; pc:pc_top|o_pc_data_out[4]  ; o_inst_vld~1 ; i_clk        ; i_reset     ; -0.500       ; 0.796      ; 1.558      ;
; 1.276 ; pc:pc_top|o_pc_data_out[7]  ; o_inst_vld~1 ; i_clk        ; i_reset     ; -0.500       ; 0.796      ; 1.572      ;
; 1.292 ; pc:pc_top|o_pc_data_out[8]  ; o_inst_vld~1 ; i_clk        ; i_reset     ; -0.500       ; 0.803      ; 1.595      ;
; 1.294 ; pc:pc_top|o_pc_data_out[6]  ; o_inst_vld~1 ; i_clk        ; i_reset     ; -0.500       ; 0.790      ; 1.584      ;
; 1.321 ; pc:pc_top|o_pc_data_out[11] ; o_inst_vld~1 ; i_clk        ; i_reset     ; -0.500       ; 0.804      ; 1.625      ;
; 1.349 ; pc:pc_top|o_pc_data_out[3]  ; o_inst_vld~1 ; i_clk        ; i_reset     ; -0.500       ; 0.804      ; 1.653      ;
; 1.419 ; pc:pc_top|o_pc_data_out[2]  ; o_inst_vld~1 ; i_clk        ; i_reset     ; -0.500       ; 0.804      ; 1.723      ;
; 1.507 ; pc:pc_top|o_pc_data_out[10] ; o_inst_vld~1 ; i_clk        ; i_reset     ; -0.500       ; 0.804      ; 1.811      ;
+-------+-----------------------------+--------------+--------------+-------------+--------------+------------+------------+


+--------------------------------------------------------------------------------------------------------------------------------------+
; Fast Model Recovery: 'i_clk'                                                                                                         ;
+--------+-----------+-------------------------------------------+--------------+-------------+--------------+------------+------------+
; Slack  ; From Node ; To Node                                   ; Launch Clock ; Latch Clock ; Relationship ; Clock Skew ; Data Delay ;
+--------+-----------+-------------------------------------------+--------------+-------------+--------------+------------+------------+
; -1.447 ; i_reset   ; lsu:lsu_top|datamem:mem|data_mem[234][10] ; i_reset      ; i_clk       ; 0.500        ; 1.615      ; 3.594      ;
; -1.447 ; i_reset   ; lsu:lsu_top|datamem:mem|data_mem[202][10] ; i_reset      ; i_clk       ; 0.500        ; 1.615      ; 3.594      ;
; -1.447 ; i_reset   ; lsu:lsu_top|datamem:mem|data_mem[234][19] ; i_reset      ; i_clk       ; 0.500        ; 1.615      ; 3.594      ;
; -1.447 ; i_reset   ; lsu:lsu_top|datamem:mem|data_mem[234][16] ; i_reset      ; i_clk       ; 0.500        ; 1.615      ; 3.594      ;
; -1.447 ; i_reset   ; lsu:lsu_top|datamem:mem|data_mem[234][20] ; i_reset      ; i_clk       ; 0.500        ; 1.615      ; 3.594      ;
; -1.447 ; i_reset   ; lsu:lsu_top|datamem:mem|data_mem[234][30] ; i_reset      ; i_clk       ; 0.500        ; 1.615      ; 3.594      ;
; -1.447 ; i_reset   ; lsu:lsu_top|datamem:mem|data_mem[202][4]  ; i_reset      ; i_clk       ; 0.500        ; 1.615      ; 3.594      ;
; -1.447 ; i_reset   ; lsu:lsu_top|datamem:mem|data_mem[234][18] ; i_reset      ; i_clk       ; 0.500        ; 1.615      ; 3.594      ;
; -1.447 ; i_reset   ; lsu:lsu_top|datamem:mem|data_mem[202][21] ; i_reset      ; i_clk       ; 0.500        ; 1.615      ; 3.594      ;
; -1.447 ; i_reset   ; lsu:lsu_top|datamem:mem|data_mem[234][5]  ; i_reset      ; i_clk       ; 0.500        ; 1.615      ; 3.594      ;
; -1.447 ; i_reset   ; lsu:lsu_top|datamem:mem|data_mem[202][9]  ; i_reset      ; i_clk       ; 0.500        ; 1.615      ; 3.594      ;
; -1.447 ; i_reset   ; lsu:lsu_top|datamem:mem|data_mem[234][9]  ; i_reset      ; i_clk       ; 0.500        ; 1.615      ; 3.594      ;
; -1.447 ; i_reset   ; lsu:lsu_top|datamem:mem|data_mem[234][24] ; i_reset      ; i_clk       ; 0.500        ; 1.615      ; 3.594      ;
; -1.447 ; i_reset   ; lsu:lsu_top|datamem:mem|data_mem[202][0]  ; i_reset      ; i_clk       ; 0.500        ; 1.615      ; 3.594      ;
; -1.447 ; i_reset   ; lsu:lsu_top|datamem:mem|data_mem[234][0]  ; i_reset      ; i_clk       ; 0.500        ; 1.615      ; 3.594      ;
; -1.072 ; i_reset   ; lsu:lsu_top|datamem:mem|data_mem[177][7]  ; i_reset      ; i_clk       ; 0.500        ; 1.607      ; 3.211      ;
; -1.072 ; i_reset   ; lsu:lsu_top|datamem:mem|data_mem[187][11] ; i_reset      ; i_clk       ; 0.500        ; 1.607      ; 3.211      ;
; -1.072 ; i_reset   ; lsu:lsu_top|datamem:mem|data_mem[187][27] ; i_reset      ; i_clk       ; 0.500        ; 1.607      ; 3.211      ;
; -1.072 ; i_reset   ; lsu:lsu_top|datamem:mem|data_mem[187][20] ; i_reset      ; i_clk       ; 0.500        ; 1.607      ; 3.211      ;
; -1.072 ; i_reset   ; lsu:lsu_top|datamem:mem|data_mem[187][30] ; i_reset      ; i_clk       ; 0.500        ; 1.607      ; 3.211      ;
; -1.072 ; i_reset   ; lsu:lsu_top|datamem:mem|data_mem[177][12] ; i_reset      ; i_clk       ; 0.500        ; 1.607      ; 3.211      ;
; -1.072 ; i_reset   ; lsu:lsu_top|datamem:mem|data_mem[187][1]  ; i_reset      ; i_clk       ; 0.500        ; 1.607      ; 3.211      ;
; -1.072 ; i_reset   ; lsu:lsu_top|datamem:mem|data_mem[177][24] ; i_reset      ; i_clk       ; 0.500        ; 1.607      ; 3.211      ;
; -1.072 ; i_reset   ; lsu:lsu_top|datamem:mem|data_mem[187][24] ; i_reset      ; i_clk       ; 0.500        ; 1.607      ; 3.211      ;
; -0.952 ; i_reset   ; regfile:regfile_top|Reg[4][20]            ; i_reset      ; i_clk       ; 0.500        ; 1.590      ; 3.074      ;
; -0.952 ; i_reset   ; regfile:regfile_top|Reg[6][20]            ; i_reset      ; i_clk       ; 0.500        ; 1.590      ; 3.074      ;
; -0.952 ; i_reset   ; regfile:regfile_top|Reg[4][6]             ; i_reset      ; i_clk       ; 0.500        ; 1.590      ; 3.074      ;
; -0.947 ; i_reset   ; lsu:lsu_top|datamem:mem|data_mem[234][10] ; i_reset      ; i_clk       ; 1.000        ; 1.615      ; 3.594      ;
; -0.947 ; i_reset   ; lsu:lsu_top|datamem:mem|data_mem[202][10] ; i_reset      ; i_clk       ; 1.000        ; 1.615      ; 3.594      ;
; -0.947 ; i_reset   ; lsu:lsu_top|datamem:mem|data_mem[234][19] ; i_reset      ; i_clk       ; 1.000        ; 1.615      ; 3.594      ;
; -0.947 ; i_reset   ; lsu:lsu_top|datamem:mem|data_mem[234][16] ; i_reset      ; i_clk       ; 1.000        ; 1.615      ; 3.594      ;
; -0.947 ; i_reset   ; lsu:lsu_top|datamem:mem|data_mem[234][20] ; i_reset      ; i_clk       ; 1.000        ; 1.615      ; 3.594      ;
; -0.947 ; i_reset   ; lsu:lsu_top|datamem:mem|data_mem[234][30] ; i_reset      ; i_clk       ; 1.000        ; 1.615      ; 3.594      ;
; -0.947 ; i_reset   ; lsu:lsu_top|datamem:mem|data_mem[202][4]  ; i_reset      ; i_clk       ; 1.000        ; 1.615      ; 3.594      ;
; -0.947 ; i_reset   ; lsu:lsu_top|datamem:mem|data_mem[234][18] ; i_reset      ; i_clk       ; 1.000        ; 1.615      ; 3.594      ;
; -0.947 ; i_reset   ; lsu:lsu_top|datamem:mem|data_mem[202][21] ; i_reset      ; i_clk       ; 1.000        ; 1.615      ; 3.594      ;
; -0.947 ; i_reset   ; lsu:lsu_top|datamem:mem|data_mem[234][5]  ; i_reset      ; i_clk       ; 1.000        ; 1.615      ; 3.594      ;
; -0.947 ; i_reset   ; lsu:lsu_top|datamem:mem|data_mem[202][9]  ; i_reset      ; i_clk       ; 1.000        ; 1.615      ; 3.594      ;
; -0.947 ; i_reset   ; lsu:lsu_top|datamem:mem|data_mem[234][9]  ; i_reset      ; i_clk       ; 1.000        ; 1.615      ; 3.594      ;
; -0.947 ; i_reset   ; lsu:lsu_top|datamem:mem|data_mem[234][24] ; i_reset      ; i_clk       ; 1.000        ; 1.615      ; 3.594      ;
; -0.947 ; i_reset   ; lsu:lsu_top|datamem:mem|data_mem[202][0]  ; i_reset      ; i_clk       ; 1.000        ; 1.615      ; 3.594      ;
; -0.947 ; i_reset   ; lsu:lsu_top|datamem:mem|data_mem[234][0]  ; i_reset      ; i_clk       ; 1.000        ; 1.615      ; 3.594      ;
; -0.940 ; i_reset   ; lsu:lsu_top|datamem:mem|data_mem[312][27] ; i_reset      ; i_clk       ; 0.500        ; 1.638      ; 3.110      ;
; -0.940 ; i_reset   ; lsu:lsu_top|datamem:mem|data_mem[304][31] ; i_reset      ; i_clk       ; 0.500        ; 1.638      ; 3.110      ;
; -0.940 ; i_reset   ; lsu:lsu_top|datamem:mem|data_mem[312][14] ; i_reset      ; i_clk       ; 0.500        ; 1.638      ; 3.110      ;
; -0.940 ; i_reset   ; lsu:lsu_top|datamem:mem|data_mem[304][14] ; i_reset      ; i_clk       ; 0.500        ; 1.638      ; 3.110      ;
; -0.940 ; i_reset   ; lsu:lsu_top|datamem:mem|data_mem[304][6]  ; i_reset      ; i_clk       ; 0.500        ; 1.638      ; 3.110      ;
; -0.940 ; i_reset   ; lsu:lsu_top|datamem:mem|data_mem[312][6]  ; i_reset      ; i_clk       ; 0.500        ; 1.638      ; 3.110      ;
; -0.940 ; i_reset   ; lsu:lsu_top|datamem:mem|data_mem[304][4]  ; i_reset      ; i_clk       ; 0.500        ; 1.638      ; 3.110      ;
; -0.940 ; i_reset   ; lsu:lsu_top|datamem:mem|data_mem[304][26] ; i_reset      ; i_clk       ; 0.500        ; 1.638      ; 3.110      ;
; -0.940 ; i_reset   ; lsu:lsu_top|datamem:mem|data_mem[304][2]  ; i_reset      ; i_clk       ; 0.500        ; 1.638      ; 3.110      ;
; -0.940 ; i_reset   ; lsu:lsu_top|datamem:mem|data_mem[304][13] ; i_reset      ; i_clk       ; 0.500        ; 1.638      ; 3.110      ;
; -0.940 ; i_reset   ; lsu:lsu_top|datamem:mem|data_mem[312][13] ; i_reset      ; i_clk       ; 0.500        ; 1.638      ; 3.110      ;
; -0.940 ; i_reset   ; lsu:lsu_top|datamem:mem|data_mem[304][21] ; i_reset      ; i_clk       ; 0.500        ; 1.638      ; 3.110      ;
; -0.940 ; i_reset   ; lsu:lsu_top|datamem:mem|data_mem[312][5]  ; i_reset      ; i_clk       ; 0.500        ; 1.638      ; 3.110      ;
; -0.940 ; i_reset   ; lsu:lsu_top|datamem:mem|data_mem[312][24] ; i_reset      ; i_clk       ; 0.500        ; 1.638      ; 3.110      ;
; -0.929 ; i_reset   ; lsu:lsu_top|datamem:mem|data_mem[300][23] ; i_reset      ; i_clk       ; 0.500        ; 1.612      ; 3.073      ;
; -0.929 ; i_reset   ; lsu:lsu_top|datamem:mem|data_mem[364][23] ; i_reset      ; i_clk       ; 0.500        ; 1.612      ; 3.073      ;
; -0.929 ; i_reset   ; lsu:lsu_top|datamem:mem|data_mem[300][7]  ; i_reset      ; i_clk       ; 0.500        ; 1.612      ; 3.073      ;
; -0.929 ; i_reset   ; lsu:lsu_top|datamem:mem|data_mem[364][7]  ; i_reset      ; i_clk       ; 0.500        ; 1.612      ; 3.073      ;
; -0.929 ; i_reset   ; lsu:lsu_top|datamem:mem|data_mem[364][31] ; i_reset      ; i_clk       ; 0.500        ; 1.612      ; 3.073      ;
; -0.929 ; i_reset   ; lsu:lsu_top|datamem:mem|data_mem[364][13] ; i_reset      ; i_clk       ; 0.500        ; 1.612      ; 3.073      ;
; -0.929 ; i_reset   ; lsu:lsu_top|datamem:mem|data_mem[300][13] ; i_reset      ; i_clk       ; 0.500        ; 1.612      ; 3.073      ;
; -0.929 ; i_reset   ; lsu:lsu_top|datamem:mem|data_mem[300][15] ; i_reset      ; i_clk       ; 0.500        ; 1.612      ; 3.073      ;
; -0.929 ; i_reset   ; lsu:lsu_top|datamem:mem|data_mem[364][15] ; i_reset      ; i_clk       ; 0.500        ; 1.612      ; 3.073      ;
; -0.894 ; i_reset   ; regfile:regfile_top|Reg[19][3]            ; i_reset      ; i_clk       ; 0.500        ; 1.591      ; 3.017      ;
; -0.894 ; i_reset   ; regfile:regfile_top|Reg[19][25]           ; i_reset      ; i_clk       ; 0.500        ; 1.591      ; 3.017      ;
; -0.894 ; i_reset   ; regfile:regfile_top|Reg[23][25]           ; i_reset      ; i_clk       ; 0.500        ; 1.591      ; 3.017      ;
; -0.891 ; i_reset   ; lsu:lsu_top|datamem:mem|data_mem[134][19] ; i_reset      ; i_clk       ; 0.500        ; 1.636      ; 3.059      ;
; -0.891 ; i_reset   ; lsu:lsu_top|datamem:mem|data_mem[142][11] ; i_reset      ; i_clk       ; 0.500        ; 1.636      ; 3.059      ;
; -0.891 ; i_reset   ; lsu:lsu_top|datamem:mem|data_mem[142][8]  ; i_reset      ; i_clk       ; 0.500        ; 1.636      ; 3.059      ;
; -0.891 ; i_reset   ; lsu:lsu_top|datamem:mem|data_mem[134][27] ; i_reset      ; i_clk       ; 0.500        ; 1.636      ; 3.059      ;
; -0.891 ; i_reset   ; lsu:lsu_top|datamem:mem|data_mem[142][27] ; i_reset      ; i_clk       ; 0.500        ; 1.636      ; 3.059      ;
; -0.891 ; i_reset   ; lsu:lsu_top|datamem:mem|data_mem[142][22] ; i_reset      ; i_clk       ; 0.500        ; 1.636      ; 3.059      ;
; -0.891 ; i_reset   ; lsu:lsu_top|datamem:mem|data_mem[134][22] ; i_reset      ; i_clk       ; 0.500        ; 1.636      ; 3.059      ;
; -0.891 ; i_reset   ; lsu:lsu_top|datamem:mem|data_mem[142][4]  ; i_reset      ; i_clk       ; 0.500        ; 1.636      ; 3.059      ;
; -0.891 ; i_reset   ; lsu:lsu_top|datamem:mem|data_mem[134][2]  ; i_reset      ; i_clk       ; 0.500        ; 1.636      ; 3.059      ;
; -0.891 ; i_reset   ; lsu:lsu_top|datamem:mem|data_mem[142][2]  ; i_reset      ; i_clk       ; 0.500        ; 1.636      ; 3.059      ;
; -0.891 ; i_reset   ; lsu:lsu_top|datamem:mem|data_mem[142][13] ; i_reset      ; i_clk       ; 0.500        ; 1.636      ; 3.059      ;
; -0.891 ; i_reset   ; lsu:lsu_top|datamem:mem|data_mem[142][29] ; i_reset      ; i_clk       ; 0.500        ; 1.636      ; 3.059      ;
; -0.891 ; i_reset   ; lsu:lsu_top|datamem:mem|data_mem[134][29] ; i_reset      ; i_clk       ; 0.500        ; 1.636      ; 3.059      ;
; -0.891 ; i_reset   ; lsu:lsu_top|datamem:mem|data_mem[134][15] ; i_reset      ; i_clk       ; 0.500        ; 1.636      ; 3.059      ;
; -0.882 ; i_reset   ; lsu:lsu_top|datamem:mem|data_mem[351][11] ; i_reset      ; i_clk       ; 0.500        ; 1.626      ; 3.040      ;
; -0.882 ; i_reset   ; lsu:lsu_top|datamem:mem|data_mem[287][8]  ; i_reset      ; i_clk       ; 0.500        ; 1.626      ; 3.040      ;
; -0.882 ; i_reset   ; lsu:lsu_top|datamem:mem|data_mem[351][8]  ; i_reset      ; i_clk       ; 0.500        ; 1.626      ; 3.040      ;
; -0.882 ; i_reset   ; lsu:lsu_top|datamem:mem|data_mem[287][16] ; i_reset      ; i_clk       ; 0.500        ; 1.626      ; 3.040      ;
; -0.882 ; i_reset   ; lsu:lsu_top|datamem:mem|data_mem[351][16] ; i_reset      ; i_clk       ; 0.500        ; 1.626      ; 3.040      ;
; -0.882 ; i_reset   ; lsu:lsu_top|datamem:mem|data_mem[287][27] ; i_reset      ; i_clk       ; 0.500        ; 1.626      ; 3.040      ;
; -0.882 ; i_reset   ; lsu:lsu_top|datamem:mem|data_mem[351][27] ; i_reset      ; i_clk       ; 0.500        ; 1.626      ; 3.040      ;
; -0.882 ; i_reset   ; lsu:lsu_top|datamem:mem|data_mem[287][14] ; i_reset      ; i_clk       ; 0.500        ; 1.626      ; 3.040      ;
; -0.882 ; i_reset   ; lsu:lsu_top|datamem:mem|data_mem[351][14] ; i_reset      ; i_clk       ; 0.500        ; 1.626      ; 3.040      ;
; -0.882 ; i_reset   ; lsu:lsu_top|datamem:mem|data_mem[351][12] ; i_reset      ; i_clk       ; 0.500        ; 1.626      ; 3.040      ;
; -0.882 ; i_reset   ; lsu:lsu_top|datamem:mem|data_mem[287][21] ; i_reset      ; i_clk       ; 0.500        ; 1.626      ; 3.040      ;
; -0.882 ; i_reset   ; lsu:lsu_top|datamem:mem|data_mem[351][21] ; i_reset      ; i_clk       ; 0.500        ; 1.626      ; 3.040      ;
; -0.882 ; i_reset   ; lsu:lsu_top|datamem:mem|data_mem[351][5]  ; i_reset      ; i_clk       ; 0.500        ; 1.626      ; 3.040      ;
; -0.882 ; i_reset   ; lsu:lsu_top|datamem:mem|data_mem[287][3]  ; i_reset      ; i_clk       ; 0.500        ; 1.626      ; 3.040      ;
; -0.882 ; i_reset   ; lsu:lsu_top|datamem:mem|data_mem[351][3]  ; i_reset      ; i_clk       ; 0.500        ; 1.626      ; 3.040      ;
; -0.853 ; i_reset   ; lsu:lsu_top|datamem:mem|data_mem[247][8]  ; i_reset      ; i_clk       ; 0.500        ; 1.641      ; 3.026      ;
; -0.853 ; i_reset   ; lsu:lsu_top|datamem:mem|data_mem[247][16] ; i_reset      ; i_clk       ; 0.500        ; 1.641      ; 3.026      ;
; -0.853 ; i_reset   ; lsu:lsu_top|datamem:mem|data_mem[247][25] ; i_reset      ; i_clk       ; 0.500        ; 1.641      ; 3.026      ;
+--------+-----------+-------------------------------------------+--------------+-------------+--------------+------------+------------+


+--------------------------------------------------------------------------------------------------------------------------------------+
; Fast Model Removal: 'i_clk'                                                                                                          ;
+--------+-----------+-------------------------------------------+--------------+-------------+--------------+------------+------------+
; Slack  ; From Node ; To Node                                   ; Launch Clock ; Latch Clock ; Relationship ; Clock Skew ; Data Delay ;
+--------+-----------+-------------------------------------------+--------------+-------------+--------------+------------+------------+
; -0.165 ; i_reset   ; lsu:lsu_top|datamem:mem|data_mem[125][11] ; i_reset      ; i_clk       ; 0.000        ; 1.590      ; 1.577      ;
; -0.165 ; i_reset   ; lsu:lsu_top|datamem:mem|data_mem[127][11] ; i_reset      ; i_clk       ; 0.000        ; 1.590      ; 1.577      ;
; -0.165 ; i_reset   ; lsu:lsu_top|datamem:mem|data_mem[125][5]  ; i_reset      ; i_clk       ; 0.000        ; 1.590      ; 1.577      ;
; -0.165 ; i_reset   ; lsu:lsu_top|datamem:mem|data_mem[125][29] ; i_reset      ; i_clk       ; 0.000        ; 1.590      ; 1.577      ;
; -0.165 ; i_reset   ; lsu:lsu_top|datamem:mem|data_mem[127][29] ; i_reset      ; i_clk       ; 0.000        ; 1.590      ; 1.577      ;
; -0.165 ; i_reset   ; lsu:lsu_top|datamem:mem|data_mem[125][9]  ; i_reset      ; i_clk       ; 0.000        ; 1.590      ; 1.577      ;
; -0.109 ; i_reset   ; lsu:lsu_top|datamem:mem|data_mem[107][19] ; i_reset      ; i_clk       ; 0.000        ; 1.620      ; 1.663      ;
; -0.109 ; i_reset   ; lsu:lsu_top|datamem:mem|data_mem[123][11] ; i_reset      ; i_clk       ; 0.000        ; 1.620      ; 1.663      ;
; -0.109 ; i_reset   ; lsu:lsu_top|datamem:mem|data_mem[107][16] ; i_reset      ; i_clk       ; 0.000        ; 1.620      ; 1.663      ;
; -0.109 ; i_reset   ; lsu:lsu_top|datamem:mem|data_mem[123][16] ; i_reset      ; i_clk       ; 0.000        ; 1.620      ; 1.663      ;
; -0.109 ; i_reset   ; lsu:lsu_top|datamem:mem|data_mem[123][27] ; i_reset      ; i_clk       ; 0.000        ; 1.620      ; 1.663      ;
; -0.109 ; i_reset   ; lsu:lsu_top|datamem:mem|data_mem[107][14] ; i_reset      ; i_clk       ; 0.000        ; 1.620      ; 1.663      ;
; -0.109 ; i_reset   ; lsu:lsu_top|datamem:mem|data_mem[123][14] ; i_reset      ; i_clk       ; 0.000        ; 1.620      ; 1.663      ;
; -0.109 ; i_reset   ; lsu:lsu_top|datamem:mem|data_mem[123][12] ; i_reset      ; i_clk       ; 0.000        ; 1.620      ; 1.663      ;
; -0.109 ; i_reset   ; lsu:lsu_top|datamem:mem|data_mem[123][4]  ; i_reset      ; i_clk       ; 0.000        ; 1.620      ; 1.663      ;
; -0.109 ; i_reset   ; lsu:lsu_top|datamem:mem|data_mem[123][21] ; i_reset      ; i_clk       ; 0.000        ; 1.620      ; 1.663      ;
; -0.109 ; i_reset   ; lsu:lsu_top|datamem:mem|data_mem[107][3]  ; i_reset      ; i_clk       ; 0.000        ; 1.620      ; 1.663      ;
; -0.109 ; i_reset   ; lsu:lsu_top|datamem:mem|data_mem[123][3]  ; i_reset      ; i_clk       ; 0.000        ; 1.620      ; 1.663      ;
; -0.109 ; i_reset   ; lsu:lsu_top|datamem:mem|data_mem[123][1]  ; i_reset      ; i_clk       ; 0.000        ; 1.620      ; 1.663      ;
; -0.109 ; i_reset   ; lsu:lsu_top|datamem:mem|data_mem[107][1]  ; i_reset      ; i_clk       ; 0.000        ; 1.620      ; 1.663      ;
; -0.102 ; i_reset   ; lsu:lsu_top|datamem:mem|data_mem[99][4]   ; i_reset      ; i_clk       ; 0.000        ; 1.616      ; 1.666      ;
; -0.102 ; i_reset   ; lsu:lsu_top|datamem:mem|data_mem[115][4]  ; i_reset      ; i_clk       ; 0.000        ; 1.616      ; 1.666      ;
; -0.102 ; i_reset   ; lsu:lsu_top|datamem:mem|data_mem[99][21]  ; i_reset      ; i_clk       ; 0.000        ; 1.616      ; 1.666      ;
; -0.102 ; i_reset   ; lsu:lsu_top|datamem:mem|data_mem[115][21] ; i_reset      ; i_clk       ; 0.000        ; 1.616      ; 1.666      ;
; -0.102 ; i_reset   ; lsu:lsu_top|datamem:mem|data_mem[115][15] ; i_reset      ; i_clk       ; 0.000        ; 1.616      ; 1.666      ;
; -0.097 ; i_reset   ; lsu:lsu_top|datamem:mem|data_mem[57][23]  ; i_reset      ; i_clk       ; 0.000        ; 1.610      ; 1.665      ;
; -0.097 ; i_reset   ; lsu:lsu_top|datamem:mem|data_mem[49][7]   ; i_reset      ; i_clk       ; 0.000        ; 1.610      ; 1.665      ;
; -0.097 ; i_reset   ; lsu:lsu_top|datamem:mem|data_mem[57][11]  ; i_reset      ; i_clk       ; 0.000        ; 1.610      ; 1.665      ;
; -0.097 ; i_reset   ; lsu:lsu_top|datamem:mem|data_mem[49][11]  ; i_reset      ; i_clk       ; 0.000        ; 1.610      ; 1.665      ;
; -0.097 ; i_reset   ; lsu:lsu_top|datamem:mem|data_mem[49][8]   ; i_reset      ; i_clk       ; 0.000        ; 1.610      ; 1.665      ;
; -0.097 ; i_reset   ; lsu:lsu_top|datamem:mem|data_mem[49][12]  ; i_reset      ; i_clk       ; 0.000        ; 1.610      ; 1.665      ;
; -0.097 ; i_reset   ; lsu:lsu_top|datamem:mem|data_mem[57][12]  ; i_reset      ; i_clk       ; 0.000        ; 1.610      ; 1.665      ;
; -0.097 ; i_reset   ; lsu:lsu_top|datamem:mem|data_mem[49][13]  ; i_reset      ; i_clk       ; 0.000        ; 1.610      ; 1.665      ;
; -0.097 ; i_reset   ; lsu:lsu_top|datamem:mem|data_mem[57][13]  ; i_reset      ; i_clk       ; 0.000        ; 1.610      ; 1.665      ;
; -0.097 ; i_reset   ; lsu:lsu_top|datamem:mem|data_mem[49][29]  ; i_reset      ; i_clk       ; 0.000        ; 1.610      ; 1.665      ;
; -0.097 ; i_reset   ; lsu:lsu_top|datamem:mem|data_mem[49][17]  ; i_reset      ; i_clk       ; 0.000        ; 1.610      ; 1.665      ;
; -0.097 ; i_reset   ; lsu:lsu_top|datamem:mem|data_mem[57][17]  ; i_reset      ; i_clk       ; 0.000        ; 1.610      ; 1.665      ;
; -0.097 ; i_reset   ; lsu:lsu_top|datamem:mem|data_mem[57][15]  ; i_reset      ; i_clk       ; 0.000        ; 1.610      ; 1.665      ;
; -0.083 ; i_reset   ; lsu:lsu_top|datamem:mem|data_mem[125][10] ; i_reset      ; i_clk       ; 0.000        ; 1.611      ; 1.680      ;
; -0.083 ; i_reset   ; lsu:lsu_top|datamem:mem|data_mem[124][7]  ; i_reset      ; i_clk       ; 0.000        ; 1.611      ; 1.680      ;
; -0.083 ; i_reset   ; lsu:lsu_top|datamem:mem|data_mem[125][19] ; i_reset      ; i_clk       ; 0.000        ; 1.611      ; 1.680      ;
; -0.083 ; i_reset   ; lsu:lsu_top|datamem:mem|data_mem[124][28] ; i_reset      ; i_clk       ; 0.000        ; 1.611      ; 1.680      ;
; -0.083 ; i_reset   ; lsu:lsu_top|datamem:mem|data_mem[125][12] ; i_reset      ; i_clk       ; 0.000        ; 1.611      ; 1.680      ;
; -0.083 ; i_reset   ; lsu:lsu_top|datamem:mem|data_mem[125][26] ; i_reset      ; i_clk       ; 0.000        ; 1.611      ; 1.680      ;
; -0.083 ; i_reset   ; lsu:lsu_top|datamem:mem|data_mem[124][17] ; i_reset      ; i_clk       ; 0.000        ; 1.611      ; 1.680      ;
; -0.058 ; i_reset   ; lsu:lsu_top|datamem:mem|data_mem[88][3]   ; i_reset      ; i_clk       ; 0.000        ; 1.593      ; 1.687      ;
; -0.058 ; i_reset   ; lsu:lsu_top|datamem:mem|data_mem[24][0]   ; i_reset      ; i_clk       ; 0.000        ; 1.593      ; 1.687      ;
; -0.058 ; i_reset   ; lsu:lsu_top|datamem:mem|data_mem[88][0]   ; i_reset      ; i_clk       ; 0.000        ; 1.593      ; 1.687      ;
; -0.050 ; i_reset   ; lsu:lsu_top|datamem:mem|data_mem[42][10]  ; i_reset      ; i_clk       ; 0.000        ; 1.626      ; 1.728      ;
; -0.050 ; i_reset   ; lsu:lsu_top|datamem:mem|data_mem[58][19]  ; i_reset      ; i_clk       ; 0.000        ; 1.626      ; 1.728      ;
; -0.050 ; i_reset   ; lsu:lsu_top|datamem:mem|data_mem[42][16]  ; i_reset      ; i_clk       ; 0.000        ; 1.626      ; 1.728      ;
; -0.050 ; i_reset   ; lsu:lsu_top|datamem:mem|data_mem[58][16]  ; i_reset      ; i_clk       ; 0.000        ; 1.626      ; 1.728      ;
; -0.050 ; i_reset   ; lsu:lsu_top|datamem:mem|data_mem[58][31]  ; i_reset      ; i_clk       ; 0.000        ; 1.626      ; 1.728      ;
; -0.050 ; i_reset   ; lsu:lsu_top|datamem:mem|data_mem[42][31]  ; i_reset      ; i_clk       ; 0.000        ; 1.626      ; 1.728      ;
; -0.050 ; i_reset   ; lsu:lsu_top|datamem:mem|data_mem[42][30]  ; i_reset      ; i_clk       ; 0.000        ; 1.626      ; 1.728      ;
; -0.050 ; i_reset   ; lsu:lsu_top|datamem:mem|data_mem[58][30]  ; i_reset      ; i_clk       ; 0.000        ; 1.626      ; 1.728      ;
; -0.050 ; i_reset   ; lsu:lsu_top|datamem:mem|data_mem[58][14]  ; i_reset      ; i_clk       ; 0.000        ; 1.626      ; 1.728      ;
; -0.050 ; i_reset   ; lsu:lsu_top|datamem:mem|data_mem[42][14]  ; i_reset      ; i_clk       ; 0.000        ; 1.626      ; 1.728      ;
; -0.050 ; i_reset   ; lsu:lsu_top|datamem:mem|data_mem[58][15]  ; i_reset      ; i_clk       ; 0.000        ; 1.626      ; 1.728      ;
; -0.050 ; i_reset   ; lsu:lsu_top|datamem:mem|data_mem[42][9]   ; i_reset      ; i_clk       ; 0.000        ; 1.626      ; 1.728      ;
; -0.050 ; i_reset   ; lsu:lsu_top|datamem:mem|data_mem[58][9]   ; i_reset      ; i_clk       ; 0.000        ; 1.626      ; 1.728      ;
; 0.010  ; i_reset   ; lsu:lsu_top|datamem:mem|data_mem[39][22]  ; i_reset      ; i_clk       ; 0.000        ; 1.630      ; 1.792      ;
; 0.010  ; i_reset   ; lsu:lsu_top|datamem:mem|data_mem[38][22]  ; i_reset      ; i_clk       ; 0.000        ; 1.630      ; 1.792      ;
; 0.010  ; i_reset   ; lsu:lsu_top|datamem:mem|data_mem[38][24]  ; i_reset      ; i_clk       ; 0.000        ; 1.630      ; 1.792      ;
; 0.010  ; i_reset   ; lsu:lsu_top|datamem:mem|data_mem[39][24]  ; i_reset      ; i_clk       ; 0.000        ; 1.630      ; 1.792      ;
; 0.012  ; i_reset   ; lsu:lsu_top|datamem:mem|data_mem[38][10]  ; i_reset      ; i_clk       ; 0.000        ; 1.619      ; 1.783      ;
; 0.012  ; i_reset   ; lsu:lsu_top|datamem:mem|data_mem[39][10]  ; i_reset      ; i_clk       ; 0.000        ; 1.619      ; 1.783      ;
; 0.012  ; i_reset   ; lsu:lsu_top|datamem:mem|data_mem[39][23]  ; i_reset      ; i_clk       ; 0.000        ; 1.619      ; 1.783      ;
; 0.012  ; i_reset   ; lsu:lsu_top|datamem:mem|data_mem[38][7]   ; i_reset      ; i_clk       ; 0.000        ; 1.619      ; 1.783      ;
; 0.012  ; i_reset   ; lsu:lsu_top|datamem:mem|data_mem[39][7]   ; i_reset      ; i_clk       ; 0.000        ; 1.619      ; 1.783      ;
; 0.012  ; i_reset   ; lsu:lsu_top|datamem:mem|data_mem[39][11]  ; i_reset      ; i_clk       ; 0.000        ; 1.619      ; 1.783      ;
; 0.012  ; i_reset   ; lsu:lsu_top|datamem:mem|data_mem[39][25]  ; i_reset      ; i_clk       ; 0.000        ; 1.619      ; 1.783      ;
; 0.012  ; i_reset   ; lsu:lsu_top|datamem:mem|data_mem[39][30]  ; i_reset      ; i_clk       ; 0.000        ; 1.619      ; 1.783      ;
; 0.012  ; i_reset   ; lsu:lsu_top|datamem:mem|data_mem[39][28]  ; i_reset      ; i_clk       ; 0.000        ; 1.619      ; 1.783      ;
; 0.012  ; i_reset   ; lsu:lsu_top|datamem:mem|data_mem[38][12]  ; i_reset      ; i_clk       ; 0.000        ; 1.619      ; 1.783      ;
; 0.012  ; i_reset   ; lsu:lsu_top|datamem:mem|data_mem[39][12]  ; i_reset      ; i_clk       ; 0.000        ; 1.619      ; 1.783      ;
; 0.012  ; i_reset   ; lsu:lsu_top|datamem:mem|data_mem[39][26]  ; i_reset      ; i_clk       ; 0.000        ; 1.619      ; 1.783      ;
; 0.012  ; i_reset   ; lsu:lsu_top|datamem:mem|data_mem[38][21]  ; i_reset      ; i_clk       ; 0.000        ; 1.619      ; 1.783      ;
; 0.012  ; i_reset   ; lsu:lsu_top|datamem:mem|data_mem[39][29]  ; i_reset      ; i_clk       ; 0.000        ; 1.619      ; 1.783      ;
; 0.012  ; i_reset   ; lsu:lsu_top|datamem:mem|data_mem[39][15]  ; i_reset      ; i_clk       ; 0.000        ; 1.619      ; 1.783      ;
; 0.012  ; i_reset   ; lsu:lsu_top|datamem:mem|data_mem[38][9]   ; i_reset      ; i_clk       ; 0.000        ; 1.619      ; 1.783      ;
; 0.034  ; i_reset   ; lsu:lsu_top|datamem:mem|data_mem[57][10]  ; i_reset      ; i_clk       ; 0.000        ; 1.619      ; 1.805      ;
; 0.034  ; i_reset   ; lsu:lsu_top|datamem:mem|data_mem[57][31]  ; i_reset      ; i_clk       ; 0.000        ; 1.619      ; 1.805      ;
; 0.034  ; i_reset   ; lsu:lsu_top|datamem:mem|data_mem[57][25]  ; i_reset      ; i_clk       ; 0.000        ; 1.619      ; 1.805      ;
; 0.034  ; i_reset   ; lsu:lsu_top|datamem:mem|data_mem[57][14]  ; i_reset      ; i_clk       ; 0.000        ; 1.619      ; 1.805      ;
; 0.034  ; i_reset   ; lsu:lsu_top|datamem:mem|data_mem[57][22]  ; i_reset      ; i_clk       ; 0.000        ; 1.619      ; 1.805      ;
; 0.034  ; i_reset   ; lsu:lsu_top|datamem:mem|data_mem[57][28]  ; i_reset      ; i_clk       ; 0.000        ; 1.619      ; 1.805      ;
; 0.034  ; i_reset   ; lsu:lsu_top|datamem:mem|data_mem[57][4]   ; i_reset      ; i_clk       ; 0.000        ; 1.619      ; 1.805      ;
; 0.034  ; i_reset   ; lsu:lsu_top|datamem:mem|data_mem[57][18]  ; i_reset      ; i_clk       ; 0.000        ; 1.619      ; 1.805      ;
; 0.034  ; i_reset   ; lsu:lsu_top|datamem:mem|data_mem[56][21]  ; i_reset      ; i_clk       ; 0.000        ; 1.619      ; 1.805      ;
; 0.034  ; i_reset   ; lsu:lsu_top|datamem:mem|data_mem[57][21]  ; i_reset      ; i_clk       ; 0.000        ; 1.619      ; 1.805      ;
; 0.034  ; i_reset   ; lsu:lsu_top|datamem:mem|data_mem[57][3]   ; i_reset      ; i_clk       ; 0.000        ; 1.619      ; 1.805      ;
; 0.034  ; i_reset   ; lsu:lsu_top|datamem:mem|data_mem[57][29]  ; i_reset      ; i_clk       ; 0.000        ; 1.619      ; 1.805      ;
; 0.034  ; i_reset   ; lsu:lsu_top|datamem:mem|data_mem[57][1]   ; i_reset      ; i_clk       ; 0.000        ; 1.619      ; 1.805      ;
; 0.034  ; i_reset   ; lsu:lsu_top|datamem:mem|data_mem[57][24]  ; i_reset      ; i_clk       ; 0.000        ; 1.619      ; 1.805      ;
; 0.035  ; i_reset   ; lsu:lsu_top|datamem:mem|data_mem[38][19]  ; i_reset      ; i_clk       ; 0.000        ; 1.603      ; 1.790      ;
; 0.035  ; i_reset   ; lsu:lsu_top|datamem:mem|data_mem[54][19]  ; i_reset      ; i_clk       ; 0.000        ; 1.603      ; 1.790      ;
; 0.035  ; i_reset   ; lsu:lsu_top|datamem:mem|data_mem[38][11]  ; i_reset      ; i_clk       ; 0.000        ; 1.603      ; 1.790      ;
; 0.035  ; i_reset   ; lsu:lsu_top|datamem:mem|data_mem[38][20]  ; i_reset      ; i_clk       ; 0.000        ; 1.603      ; 1.790      ;
; 0.035  ; i_reset   ; lsu:lsu_top|datamem:mem|data_mem[38][30]  ; i_reset      ; i_clk       ; 0.000        ; 1.603      ; 1.790      ;
+--------+-----------+-------------------------------------------+--------------+-------------+--------------+------------+------------+


+--------------------------------------------------------------------------------------------------------------------------+
; Fast Model Minimum Pulse Width: 'i_clk'                                                                                  ;
+--------+--------------+----------------+------------------+-------+------------+-----------------------------------------+
; Slack  ; Actual Width ; Required Width ; Type             ; Clock ; Clock Edge ; Target                                  ;
+--------+--------------+----------------+------------------+-------+------------+-----------------------------------------+
; -1.380 ; 1.000        ; 2.380          ; Port Rate        ; i_clk ; Rise       ; i_clk                                   ;
; -0.500 ; 0.500        ; 1.000          ; High Pulse Width ; i_clk ; Rise       ; lsu:lsu_top|INPUT[0]                    ;
; -0.500 ; 0.500        ; 1.000          ; Low Pulse Width  ; i_clk ; Rise       ; lsu:lsu_top|INPUT[0]                    ;
; -0.500 ; 0.500        ; 1.000          ; High Pulse Width ; i_clk ; Rise       ; lsu:lsu_top|INPUT[10]                   ;
; -0.500 ; 0.500        ; 1.000          ; Low Pulse Width  ; i_clk ; Rise       ; lsu:lsu_top|INPUT[10]                   ;
; -0.500 ; 0.500        ; 1.000          ; High Pulse Width ; i_clk ; Rise       ; lsu:lsu_top|INPUT[11]                   ;
; -0.500 ; 0.500        ; 1.000          ; Low Pulse Width  ; i_clk ; Rise       ; lsu:lsu_top|INPUT[11]                   ;
; -0.500 ; 0.500        ; 1.000          ; High Pulse Width ; i_clk ; Rise       ; lsu:lsu_top|INPUT[12]                   ;
; -0.500 ; 0.500        ; 1.000          ; Low Pulse Width  ; i_clk ; Rise       ; lsu:lsu_top|INPUT[12]                   ;
; -0.500 ; 0.500        ; 1.000          ; High Pulse Width ; i_clk ; Rise       ; lsu:lsu_top|INPUT[13]                   ;
; -0.500 ; 0.500        ; 1.000          ; Low Pulse Width  ; i_clk ; Rise       ; lsu:lsu_top|INPUT[13]                   ;
; -0.500 ; 0.500        ; 1.000          ; High Pulse Width ; i_clk ; Rise       ; lsu:lsu_top|INPUT[14]                   ;
; -0.500 ; 0.500        ; 1.000          ; Low Pulse Width  ; i_clk ; Rise       ; lsu:lsu_top|INPUT[14]                   ;
; -0.500 ; 0.500        ; 1.000          ; High Pulse Width ; i_clk ; Rise       ; lsu:lsu_top|INPUT[15]                   ;
; -0.500 ; 0.500        ; 1.000          ; Low Pulse Width  ; i_clk ; Rise       ; lsu:lsu_top|INPUT[15]                   ;
; -0.500 ; 0.500        ; 1.000          ; High Pulse Width ; i_clk ; Rise       ; lsu:lsu_top|INPUT[16]                   ;
; -0.500 ; 0.500        ; 1.000          ; Low Pulse Width  ; i_clk ; Rise       ; lsu:lsu_top|INPUT[16]                   ;
; -0.500 ; 0.500        ; 1.000          ; High Pulse Width ; i_clk ; Rise       ; lsu:lsu_top|INPUT[17]                   ;
; -0.500 ; 0.500        ; 1.000          ; Low Pulse Width  ; i_clk ; Rise       ; lsu:lsu_top|INPUT[17]                   ;
; -0.500 ; 0.500        ; 1.000          ; High Pulse Width ; i_clk ; Rise       ; lsu:lsu_top|INPUT[18]                   ;
; -0.500 ; 0.500        ; 1.000          ; Low Pulse Width  ; i_clk ; Rise       ; lsu:lsu_top|INPUT[18]                   ;
; -0.500 ; 0.500        ; 1.000          ; High Pulse Width ; i_clk ; Rise       ; lsu:lsu_top|INPUT[19]                   ;
; -0.500 ; 0.500        ; 1.000          ; Low Pulse Width  ; i_clk ; Rise       ; lsu:lsu_top|INPUT[19]                   ;
; -0.500 ; 0.500        ; 1.000          ; High Pulse Width ; i_clk ; Rise       ; lsu:lsu_top|INPUT[1]                    ;
; -0.500 ; 0.500        ; 1.000          ; Low Pulse Width  ; i_clk ; Rise       ; lsu:lsu_top|INPUT[1]                    ;
; -0.500 ; 0.500        ; 1.000          ; High Pulse Width ; i_clk ; Rise       ; lsu:lsu_top|INPUT[20]                   ;
; -0.500 ; 0.500        ; 1.000          ; Low Pulse Width  ; i_clk ; Rise       ; lsu:lsu_top|INPUT[20]                   ;
; -0.500 ; 0.500        ; 1.000          ; High Pulse Width ; i_clk ; Rise       ; lsu:lsu_top|INPUT[21]                   ;
; -0.500 ; 0.500        ; 1.000          ; Low Pulse Width  ; i_clk ; Rise       ; lsu:lsu_top|INPUT[21]                   ;
; -0.500 ; 0.500        ; 1.000          ; High Pulse Width ; i_clk ; Rise       ; lsu:lsu_top|INPUT[22]                   ;
; -0.500 ; 0.500        ; 1.000          ; Low Pulse Width  ; i_clk ; Rise       ; lsu:lsu_top|INPUT[22]                   ;
; -0.500 ; 0.500        ; 1.000          ; High Pulse Width ; i_clk ; Rise       ; lsu:lsu_top|INPUT[23]                   ;
; -0.500 ; 0.500        ; 1.000          ; Low Pulse Width  ; i_clk ; Rise       ; lsu:lsu_top|INPUT[23]                   ;
; -0.500 ; 0.500        ; 1.000          ; High Pulse Width ; i_clk ; Rise       ; lsu:lsu_top|INPUT[24]                   ;
; -0.500 ; 0.500        ; 1.000          ; Low Pulse Width  ; i_clk ; Rise       ; lsu:lsu_top|INPUT[24]                   ;
; -0.500 ; 0.500        ; 1.000          ; High Pulse Width ; i_clk ; Rise       ; lsu:lsu_top|INPUT[25]                   ;
; -0.500 ; 0.500        ; 1.000          ; Low Pulse Width  ; i_clk ; Rise       ; lsu:lsu_top|INPUT[25]                   ;
; -0.500 ; 0.500        ; 1.000          ; High Pulse Width ; i_clk ; Rise       ; lsu:lsu_top|INPUT[26]                   ;
; -0.500 ; 0.500        ; 1.000          ; Low Pulse Width  ; i_clk ; Rise       ; lsu:lsu_top|INPUT[26]                   ;
; -0.500 ; 0.500        ; 1.000          ; High Pulse Width ; i_clk ; Rise       ; lsu:lsu_top|INPUT[27]                   ;
; -0.500 ; 0.500        ; 1.000          ; Low Pulse Width  ; i_clk ; Rise       ; lsu:lsu_top|INPUT[27]                   ;
; -0.500 ; 0.500        ; 1.000          ; High Pulse Width ; i_clk ; Rise       ; lsu:lsu_top|INPUT[28]                   ;
; -0.500 ; 0.500        ; 1.000          ; Low Pulse Width  ; i_clk ; Rise       ; lsu:lsu_top|INPUT[28]                   ;
; -0.500 ; 0.500        ; 1.000          ; High Pulse Width ; i_clk ; Rise       ; lsu:lsu_top|INPUT[29]                   ;
; -0.500 ; 0.500        ; 1.000          ; Low Pulse Width  ; i_clk ; Rise       ; lsu:lsu_top|INPUT[29]                   ;
; -0.500 ; 0.500        ; 1.000          ; High Pulse Width ; i_clk ; Rise       ; lsu:lsu_top|INPUT[2]                    ;
; -0.500 ; 0.500        ; 1.000          ; Low Pulse Width  ; i_clk ; Rise       ; lsu:lsu_top|INPUT[2]                    ;
; -0.500 ; 0.500        ; 1.000          ; High Pulse Width ; i_clk ; Rise       ; lsu:lsu_top|INPUT[30]                   ;
; -0.500 ; 0.500        ; 1.000          ; Low Pulse Width  ; i_clk ; Rise       ; lsu:lsu_top|INPUT[30]                   ;
; -0.500 ; 0.500        ; 1.000          ; High Pulse Width ; i_clk ; Rise       ; lsu:lsu_top|INPUT[31]                   ;
; -0.500 ; 0.500        ; 1.000          ; Low Pulse Width  ; i_clk ; Rise       ; lsu:lsu_top|INPUT[31]                   ;
; -0.500 ; 0.500        ; 1.000          ; High Pulse Width ; i_clk ; Rise       ; lsu:lsu_top|INPUT[3]                    ;
; -0.500 ; 0.500        ; 1.000          ; Low Pulse Width  ; i_clk ; Rise       ; lsu:lsu_top|INPUT[3]                    ;
; -0.500 ; 0.500        ; 1.000          ; High Pulse Width ; i_clk ; Rise       ; lsu:lsu_top|INPUT[4]                    ;
; -0.500 ; 0.500        ; 1.000          ; Low Pulse Width  ; i_clk ; Rise       ; lsu:lsu_top|INPUT[4]                    ;
; -0.500 ; 0.500        ; 1.000          ; High Pulse Width ; i_clk ; Rise       ; lsu:lsu_top|INPUT[5]                    ;
; -0.500 ; 0.500        ; 1.000          ; Low Pulse Width  ; i_clk ; Rise       ; lsu:lsu_top|INPUT[5]                    ;
; -0.500 ; 0.500        ; 1.000          ; High Pulse Width ; i_clk ; Rise       ; lsu:lsu_top|INPUT[6]                    ;
; -0.500 ; 0.500        ; 1.000          ; Low Pulse Width  ; i_clk ; Rise       ; lsu:lsu_top|INPUT[6]                    ;
; -0.500 ; 0.500        ; 1.000          ; High Pulse Width ; i_clk ; Rise       ; lsu:lsu_top|INPUT[7]                    ;
; -0.500 ; 0.500        ; 1.000          ; Low Pulse Width  ; i_clk ; Rise       ; lsu:lsu_top|INPUT[7]                    ;
; -0.500 ; 0.500        ; 1.000          ; High Pulse Width ; i_clk ; Rise       ; lsu:lsu_top|INPUT[8]                    ;
; -0.500 ; 0.500        ; 1.000          ; Low Pulse Width  ; i_clk ; Rise       ; lsu:lsu_top|INPUT[8]                    ;
; -0.500 ; 0.500        ; 1.000          ; High Pulse Width ; i_clk ; Rise       ; lsu:lsu_top|INPUT[9]                    ;
; -0.500 ; 0.500        ; 1.000          ; Low Pulse Width  ; i_clk ; Rise       ; lsu:lsu_top|INPUT[9]                    ;
; -0.500 ; 0.500        ; 1.000          ; High Pulse Width ; i_clk ; Rise       ; lsu:lsu_top|datamem:mem|data_mem[0][0]  ;
; -0.500 ; 0.500        ; 1.000          ; Low Pulse Width  ; i_clk ; Rise       ; lsu:lsu_top|datamem:mem|data_mem[0][0]  ;
; -0.500 ; 0.500        ; 1.000          ; High Pulse Width ; i_clk ; Rise       ; lsu:lsu_top|datamem:mem|data_mem[0][10] ;
; -0.500 ; 0.500        ; 1.000          ; Low Pulse Width  ; i_clk ; Rise       ; lsu:lsu_top|datamem:mem|data_mem[0][10] ;
; -0.500 ; 0.500        ; 1.000          ; High Pulse Width ; i_clk ; Rise       ; lsu:lsu_top|datamem:mem|data_mem[0][11] ;
; -0.500 ; 0.500        ; 1.000          ; Low Pulse Width  ; i_clk ; Rise       ; lsu:lsu_top|datamem:mem|data_mem[0][11] ;
; -0.500 ; 0.500        ; 1.000          ; High Pulse Width ; i_clk ; Rise       ; lsu:lsu_top|datamem:mem|data_mem[0][12] ;
; -0.500 ; 0.500        ; 1.000          ; Low Pulse Width  ; i_clk ; Rise       ; lsu:lsu_top|datamem:mem|data_mem[0][12] ;
; -0.500 ; 0.500        ; 1.000          ; High Pulse Width ; i_clk ; Rise       ; lsu:lsu_top|datamem:mem|data_mem[0][13] ;
; -0.500 ; 0.500        ; 1.000          ; Low Pulse Width  ; i_clk ; Rise       ; lsu:lsu_top|datamem:mem|data_mem[0][13] ;
; -0.500 ; 0.500        ; 1.000          ; High Pulse Width ; i_clk ; Rise       ; lsu:lsu_top|datamem:mem|data_mem[0][14] ;
; -0.500 ; 0.500        ; 1.000          ; Low Pulse Width  ; i_clk ; Rise       ; lsu:lsu_top|datamem:mem|data_mem[0][14] ;
; -0.500 ; 0.500        ; 1.000          ; High Pulse Width ; i_clk ; Rise       ; lsu:lsu_top|datamem:mem|data_mem[0][15] ;
; -0.500 ; 0.500        ; 1.000          ; Low Pulse Width  ; i_clk ; Rise       ; lsu:lsu_top|datamem:mem|data_mem[0][15] ;
; -0.500 ; 0.500        ; 1.000          ; High Pulse Width ; i_clk ; Rise       ; lsu:lsu_top|datamem:mem|data_mem[0][16] ;
; -0.500 ; 0.500        ; 1.000          ; Low Pulse Width  ; i_clk ; Rise       ; lsu:lsu_top|datamem:mem|data_mem[0][16] ;
; -0.500 ; 0.500        ; 1.000          ; High Pulse Width ; i_clk ; Rise       ; lsu:lsu_top|datamem:mem|data_mem[0][17] ;
; -0.500 ; 0.500        ; 1.000          ; Low Pulse Width  ; i_clk ; Rise       ; lsu:lsu_top|datamem:mem|data_mem[0][17] ;
; -0.500 ; 0.500        ; 1.000          ; High Pulse Width ; i_clk ; Rise       ; lsu:lsu_top|datamem:mem|data_mem[0][18] ;
; -0.500 ; 0.500        ; 1.000          ; Low Pulse Width  ; i_clk ; Rise       ; lsu:lsu_top|datamem:mem|data_mem[0][18] ;
; -0.500 ; 0.500        ; 1.000          ; High Pulse Width ; i_clk ; Rise       ; lsu:lsu_top|datamem:mem|data_mem[0][19] ;
; -0.500 ; 0.500        ; 1.000          ; Low Pulse Width  ; i_clk ; Rise       ; lsu:lsu_top|datamem:mem|data_mem[0][19] ;
; -0.500 ; 0.500        ; 1.000          ; High Pulse Width ; i_clk ; Rise       ; lsu:lsu_top|datamem:mem|data_mem[0][1]  ;
; -0.500 ; 0.500        ; 1.000          ; Low Pulse Width  ; i_clk ; Rise       ; lsu:lsu_top|datamem:mem|data_mem[0][1]  ;
; -0.500 ; 0.500        ; 1.000          ; High Pulse Width ; i_clk ; Rise       ; lsu:lsu_top|datamem:mem|data_mem[0][20] ;
; -0.500 ; 0.500        ; 1.000          ; Low Pulse Width  ; i_clk ; Rise       ; lsu:lsu_top|datamem:mem|data_mem[0][20] ;
; -0.500 ; 0.500        ; 1.000          ; High Pulse Width ; i_clk ; Rise       ; lsu:lsu_top|datamem:mem|data_mem[0][21] ;
; -0.500 ; 0.500        ; 1.000          ; Low Pulse Width  ; i_clk ; Rise       ; lsu:lsu_top|datamem:mem|data_mem[0][21] ;
; -0.500 ; 0.500        ; 1.000          ; High Pulse Width ; i_clk ; Rise       ; lsu:lsu_top|datamem:mem|data_mem[0][22] ;
; -0.500 ; 0.500        ; 1.000          ; Low Pulse Width  ; i_clk ; Rise       ; lsu:lsu_top|datamem:mem|data_mem[0][22] ;
; -0.500 ; 0.500        ; 1.000          ; High Pulse Width ; i_clk ; Rise       ; lsu:lsu_top|datamem:mem|data_mem[0][23] ;
; -0.500 ; 0.500        ; 1.000          ; Low Pulse Width  ; i_clk ; Rise       ; lsu:lsu_top|datamem:mem|data_mem[0][23] ;
; -0.500 ; 0.500        ; 1.000          ; High Pulse Width ; i_clk ; Rise       ; lsu:lsu_top|datamem:mem|data_mem[0][24] ;
; -0.500 ; 0.500        ; 1.000          ; Low Pulse Width  ; i_clk ; Rise       ; lsu:lsu_top|datamem:mem|data_mem[0][24] ;
; -0.500 ; 0.500        ; 1.000          ; High Pulse Width ; i_clk ; Rise       ; lsu:lsu_top|datamem:mem|data_mem[0][25] ;
+--------+--------------+----------------+------------------+-------+------------+-----------------------------------------+


+-------------------------------------------------------------------------------------------------------+
; Fast Model Minimum Pulse Width: 'i_reset'                                                             ;
+--------+--------------+----------------+------------------+---------+------------+--------------------+
; Slack  ; Actual Width ; Required Width ; Type             ; Clock   ; Clock Edge ; Target             ;
+--------+--------------+----------------+------------------+---------+------------+--------------------+
; -1.222 ; 1.000        ; 2.222          ; Port Rate        ; i_reset ; Rise       ; i_reset            ;
; 0.500  ; 0.500        ; 0.000          ; High Pulse Width ; i_reset ; Rise       ; i_reset|combout    ;
; 0.500  ; 0.500        ; 0.000          ; Low Pulse Width  ; i_reset ; Rise       ; i_reset|combout    ;
; 0.500  ; 0.500        ; 0.000          ; High Pulse Width ; i_reset ; Fall       ; o_inst_vld~1       ;
; 0.500  ; 0.500        ; 0.000          ; Low Pulse Width  ; i_reset ; Fall       ; o_inst_vld~1       ;
; 0.500  ; 0.500        ; 0.000          ; High Pulse Width ; i_reset ; Rise       ; o_inst_vld~1|datac ;
; 0.500  ; 0.500        ; 0.000          ; Low Pulse Width  ; i_reset ; Rise       ; o_inst_vld~1|datac ;
+--------+--------------+----------------+------------------+---------+------------+--------------------+


+----------------------------------------------------------------------------+
; Setup Times                                                                ;
+--------------+------------+--------+--------+------------+-----------------+
; Data Port    ; Clock Port ; Rise   ; Fall   ; Clock Edge ; Clock Reference ;
+--------------+------------+--------+--------+------------+-----------------+
; i_io_sw[*]   ; i_clk      ; 4.880  ; 4.880  ; Rise       ; i_clk           ;
;  i_io_sw[0]  ; i_clk      ; 1.680  ; 1.680  ; Rise       ; i_clk           ;
;  i_io_sw[1]  ; i_clk      ; 0.345  ; 0.345  ; Rise       ; i_clk           ;
;  i_io_sw[2]  ; i_clk      ; -0.129 ; -0.129 ; Rise       ; i_clk           ;
;  i_io_sw[3]  ; i_clk      ; -0.001 ; -0.001 ; Rise       ; i_clk           ;
;  i_io_sw[4]  ; i_clk      ; -0.215 ; -0.215 ; Rise       ; i_clk           ;
;  i_io_sw[5]  ; i_clk      ; 0.137  ; 0.137  ; Rise       ; i_clk           ;
;  i_io_sw[6]  ; i_clk      ; 0.496  ; 0.496  ; Rise       ; i_clk           ;
;  i_io_sw[7]  ; i_clk      ; -0.130 ; -0.130 ; Rise       ; i_clk           ;
;  i_io_sw[8]  ; i_clk      ; -0.330 ; -0.330 ; Rise       ; i_clk           ;
;  i_io_sw[9]  ; i_clk      ; -0.617 ; -0.617 ; Rise       ; i_clk           ;
;  i_io_sw[10] ; i_clk      ; 2.641  ; 2.641  ; Rise       ; i_clk           ;
;  i_io_sw[11] ; i_clk      ; 1.880  ; 1.880  ; Rise       ; i_clk           ;
;  i_io_sw[12] ; i_clk      ; 0.160  ; 0.160  ; Rise       ; i_clk           ;
;  i_io_sw[13] ; i_clk      ; 1.633  ; 1.633  ; Rise       ; i_clk           ;
;  i_io_sw[14] ; i_clk      ; 3.282  ; 3.282  ; Rise       ; i_clk           ;
;  i_io_sw[15] ; i_clk      ; 4.364  ; 4.364  ; Rise       ; i_clk           ;
;  i_io_sw[16] ; i_clk      ; 4.880  ; 4.880  ; Rise       ; i_clk           ;
;  i_io_sw[17] ; i_clk      ; 4.265  ; 4.265  ; Rise       ; i_clk           ;
;  i_io_sw[18] ; i_clk      ; 2.960  ; 2.960  ; Rise       ; i_clk           ;
;  i_io_sw[19] ; i_clk      ; 2.302  ; 2.302  ; Rise       ; i_clk           ;
;  i_io_sw[20] ; i_clk      ; 2.004  ; 2.004  ; Rise       ; i_clk           ;
;  i_io_sw[21] ; i_clk      ; 1.765  ; 1.765  ; Rise       ; i_clk           ;
;  i_io_sw[22] ; i_clk      ; 1.756  ; 1.756  ; Rise       ; i_clk           ;
;  i_io_sw[23] ; i_clk      ; 1.663  ; 1.663  ; Rise       ; i_clk           ;
;  i_io_sw[24] ; i_clk      ; 2.872  ; 2.872  ; Rise       ; i_clk           ;
;  i_io_sw[25] ; i_clk      ; 1.742  ; 1.742  ; Rise       ; i_clk           ;
;  i_io_sw[26] ; i_clk      ; 1.752  ; 1.752  ; Rise       ; i_clk           ;
;  i_io_sw[27] ; i_clk      ; 2.065  ; 2.065  ; Rise       ; i_clk           ;
;  i_io_sw[28] ; i_clk      ; 1.605  ; 1.605  ; Rise       ; i_clk           ;
;  i_io_sw[29] ; i_clk      ; 2.529  ; 2.529  ; Rise       ; i_clk           ;
;  i_io_sw[30] ; i_clk      ; 1.625  ; 1.625  ; Rise       ; i_clk           ;
;  i_io_sw[31] ; i_clk      ; 2.038  ; 2.038  ; Rise       ; i_clk           ;
; i_reset      ; i_clk      ; 3.577  ; 3.577  ; Rise       ; i_clk           ;
+--------------+------------+--------+--------+------------+-----------------+


+----------------------------------------------------------------------------+
; Hold Times                                                                 ;
+--------------+------------+--------+--------+------------+-----------------+
; Data Port    ; Clock Port ; Rise   ; Fall   ; Clock Edge ; Clock Reference ;
+--------------+------------+--------+--------+------------+-----------------+
; i_io_sw[*]   ; i_clk      ; 0.737  ; 0.737  ; Rise       ; i_clk           ;
;  i_io_sw[0]  ; i_clk      ; -1.560 ; -1.560 ; Rise       ; i_clk           ;
;  i_io_sw[1]  ; i_clk      ; -0.225 ; -0.225 ; Rise       ; i_clk           ;
;  i_io_sw[2]  ; i_clk      ; 0.249  ; 0.249  ; Rise       ; i_clk           ;
;  i_io_sw[3]  ; i_clk      ; 0.121  ; 0.121  ; Rise       ; i_clk           ;
;  i_io_sw[4]  ; i_clk      ; 0.335  ; 0.335  ; Rise       ; i_clk           ;
;  i_io_sw[5]  ; i_clk      ; -0.017 ; -0.017 ; Rise       ; i_clk           ;
;  i_io_sw[6]  ; i_clk      ; -0.376 ; -0.376 ; Rise       ; i_clk           ;
;  i_io_sw[7]  ; i_clk      ; 0.250  ; 0.250  ; Rise       ; i_clk           ;
;  i_io_sw[8]  ; i_clk      ; 0.450  ; 0.450  ; Rise       ; i_clk           ;
;  i_io_sw[9]  ; i_clk      ; 0.737  ; 0.737  ; Rise       ; i_clk           ;
;  i_io_sw[10] ; i_clk      ; -2.521 ; -2.521 ; Rise       ; i_clk           ;
;  i_io_sw[11] ; i_clk      ; -1.760 ; -1.760 ; Rise       ; i_clk           ;
;  i_io_sw[12] ; i_clk      ; -0.040 ; -0.040 ; Rise       ; i_clk           ;
;  i_io_sw[13] ; i_clk      ; -1.513 ; -1.513 ; Rise       ; i_clk           ;
;  i_io_sw[14] ; i_clk      ; -3.162 ; -3.162 ; Rise       ; i_clk           ;
;  i_io_sw[15] ; i_clk      ; -4.244 ; -4.244 ; Rise       ; i_clk           ;
;  i_io_sw[16] ; i_clk      ; -4.760 ; -4.760 ; Rise       ; i_clk           ;
;  i_io_sw[17] ; i_clk      ; -4.145 ; -4.145 ; Rise       ; i_clk           ;
;  i_io_sw[18] ; i_clk      ; -2.840 ; -2.840 ; Rise       ; i_clk           ;
;  i_io_sw[19] ; i_clk      ; -2.182 ; -2.182 ; Rise       ; i_clk           ;
;  i_io_sw[20] ; i_clk      ; -1.884 ; -1.884 ; Rise       ; i_clk           ;
;  i_io_sw[21] ; i_clk      ; -1.645 ; -1.645 ; Rise       ; i_clk           ;
;  i_io_sw[22] ; i_clk      ; -1.636 ; -1.636 ; Rise       ; i_clk           ;
;  i_io_sw[23] ; i_clk      ; -1.543 ; -1.543 ; Rise       ; i_clk           ;
;  i_io_sw[24] ; i_clk      ; -2.752 ; -2.752 ; Rise       ; i_clk           ;
;  i_io_sw[25] ; i_clk      ; -1.622 ; -1.622 ; Rise       ; i_clk           ;
;  i_io_sw[26] ; i_clk      ; -1.632 ; -1.632 ; Rise       ; i_clk           ;
;  i_io_sw[27] ; i_clk      ; -1.945 ; -1.945 ; Rise       ; i_clk           ;
;  i_io_sw[28] ; i_clk      ; -1.485 ; -1.485 ; Rise       ; i_clk           ;
;  i_io_sw[29] ; i_clk      ; -2.409 ; -2.409 ; Rise       ; i_clk           ;
;  i_io_sw[30] ; i_clk      ; -1.505 ; -1.505 ; Rise       ; i_clk           ;
;  i_io_sw[31] ; i_clk      ; -1.918 ; -1.918 ; Rise       ; i_clk           ;
; i_reset      ; i_clk      ; -0.709 ; -0.709 ; Rise       ; i_clk           ;
+--------------+------------+--------+--------+------------+-----------------+


+-------------------------------------------------------------------------------+
; Clock to Output Times                                                         ;
+-----------------+------------+--------+--------+------------+-----------------+
; Data Port       ; Clock Port ; Rise   ; Fall   ; Clock Edge ; Clock Reference ;
+-----------------+------------+--------+--------+------------+-----------------+
; o_inst_vld      ; i_clk      ; 8.089  ; 8.089  ; Rise       ; i_clk           ;
; o_io_hex0[*]    ; i_clk      ; 6.411  ; 6.411  ; Rise       ; i_clk           ;
;  o_io_hex0[0]   ; i_clk      ; 3.895  ; 3.895  ; Rise       ; i_clk           ;
;  o_io_hex0[1]   ; i_clk      ; 5.669  ; 5.669  ; Rise       ; i_clk           ;
;  o_io_hex0[2]   ; i_clk      ; 5.069  ; 5.069  ; Rise       ; i_clk           ;
;  o_io_hex0[3]   ; i_clk      ; 4.879  ; 4.879  ; Rise       ; i_clk           ;
;  o_io_hex0[4]   ; i_clk      ; 4.932  ; 4.932  ; Rise       ; i_clk           ;
;  o_io_hex0[5]   ; i_clk      ; 6.411  ; 6.411  ; Rise       ; i_clk           ;
;  o_io_hex0[6]   ; i_clk      ; 6.403  ; 6.403  ; Rise       ; i_clk           ;
; o_io_hex1[*]    ; i_clk      ; 6.892  ; 6.892  ; Rise       ; i_clk           ;
;  o_io_hex1[0]   ; i_clk      ; 5.393  ; 5.393  ; Rise       ; i_clk           ;
;  o_io_hex1[1]   ; i_clk      ; 6.410  ; 6.410  ; Rise       ; i_clk           ;
;  o_io_hex1[2]   ; i_clk      ; 6.818  ; 6.818  ; Rise       ; i_clk           ;
;  o_io_hex1[3]   ; i_clk      ; 5.557  ; 5.557  ; Rise       ; i_clk           ;
;  o_io_hex1[4]   ; i_clk      ; 6.139  ; 6.139  ; Rise       ; i_clk           ;
;  o_io_hex1[5]   ; i_clk      ; 6.892  ; 6.892  ; Rise       ; i_clk           ;
;  o_io_hex1[6]   ; i_clk      ; 6.506  ; 6.506  ; Rise       ; i_clk           ;
; o_io_hex2[*]    ; i_clk      ; 7.146  ; 7.146  ; Rise       ; i_clk           ;
;  o_io_hex2[0]   ; i_clk      ; 6.676  ; 6.676  ; Rise       ; i_clk           ;
;  o_io_hex2[1]   ; i_clk      ; 5.643  ; 5.643  ; Rise       ; i_clk           ;
;  o_io_hex2[2]   ; i_clk      ; 4.807  ; 4.807  ; Rise       ; i_clk           ;
;  o_io_hex2[3]   ; i_clk      ; 6.360  ; 6.360  ; Rise       ; i_clk           ;
;  o_io_hex2[4]   ; i_clk      ; 7.146  ; 7.146  ; Rise       ; i_clk           ;
;  o_io_hex2[5]   ; i_clk      ; 5.152  ; 5.152  ; Rise       ; i_clk           ;
;  o_io_hex2[6]   ; i_clk      ; 6.652  ; 6.652  ; Rise       ; i_clk           ;
; o_io_hex3[*]    ; i_clk      ; 6.771  ; 6.771  ; Rise       ; i_clk           ;
;  o_io_hex3[0]   ; i_clk      ; 6.771  ; 6.771  ; Rise       ; i_clk           ;
;  o_io_hex3[1]   ; i_clk      ; 6.182  ; 6.182  ; Rise       ; i_clk           ;
;  o_io_hex3[2]   ; i_clk      ; 6.227  ; 6.227  ; Rise       ; i_clk           ;
;  o_io_hex3[3]   ; i_clk      ; 6.301  ; 6.301  ; Rise       ; i_clk           ;
;  o_io_hex3[4]   ; i_clk      ; 5.696  ; 5.696  ; Rise       ; i_clk           ;
;  o_io_hex3[5]   ; i_clk      ; 6.475  ; 6.475  ; Rise       ; i_clk           ;
;  o_io_hex3[6]   ; i_clk      ; 5.421  ; 5.421  ; Rise       ; i_clk           ;
; o_io_hex4[*]    ; i_clk      ; 6.502  ; 6.502  ; Rise       ; i_clk           ;
;  o_io_hex4[0]   ; i_clk      ; 5.691  ; 5.691  ; Rise       ; i_clk           ;
;  o_io_hex4[1]   ; i_clk      ; 6.218  ; 6.218  ; Rise       ; i_clk           ;
;  o_io_hex4[2]   ; i_clk      ; 6.012  ; 6.012  ; Rise       ; i_clk           ;
;  o_io_hex4[3]   ; i_clk      ; 6.502  ; 6.502  ; Rise       ; i_clk           ;
;  o_io_hex4[4]   ; i_clk      ; 5.955  ; 5.955  ; Rise       ; i_clk           ;
;  o_io_hex4[5]   ; i_clk      ; 6.303  ; 6.303  ; Rise       ; i_clk           ;
;  o_io_hex4[6]   ; i_clk      ; 5.980  ; 5.980  ; Rise       ; i_clk           ;
; o_io_hex5[*]    ; i_clk      ; 6.737  ; 6.737  ; Rise       ; i_clk           ;
;  o_io_hex5[0]   ; i_clk      ; 6.132  ; 6.132  ; Rise       ; i_clk           ;
;  o_io_hex5[1]   ; i_clk      ; 6.418  ; 6.418  ; Rise       ; i_clk           ;
;  o_io_hex5[2]   ; i_clk      ; 6.737  ; 6.737  ; Rise       ; i_clk           ;
;  o_io_hex5[3]   ; i_clk      ; 5.711  ; 5.711  ; Rise       ; i_clk           ;
;  o_io_hex5[4]   ; i_clk      ; 5.346  ; 5.346  ; Rise       ; i_clk           ;
;  o_io_hex5[5]   ; i_clk      ; 5.777  ; 5.777  ; Rise       ; i_clk           ;
;  o_io_hex5[6]   ; i_clk      ; 5.747  ; 5.747  ; Rise       ; i_clk           ;
; o_io_hex6[*]    ; i_clk      ; 6.198  ; 6.198  ; Rise       ; i_clk           ;
;  o_io_hex6[0]   ; i_clk      ; 5.823  ; 5.823  ; Rise       ; i_clk           ;
;  o_io_hex6[1]   ; i_clk      ; 6.000  ; 6.000  ; Rise       ; i_clk           ;
;  o_io_hex6[2]   ; i_clk      ; 4.949  ; 4.949  ; Rise       ; i_clk           ;
;  o_io_hex6[3]   ; i_clk      ; 5.249  ; 5.249  ; Rise       ; i_clk           ;
;  o_io_hex6[4]   ; i_clk      ; 4.893  ; 4.893  ; Rise       ; i_clk           ;
;  o_io_hex6[5]   ; i_clk      ; 5.475  ; 5.475  ; Rise       ; i_clk           ;
;  o_io_hex6[6]   ; i_clk      ; 6.198  ; 6.198  ; Rise       ; i_clk           ;
; o_io_hex7[*]    ; i_clk      ; 7.463  ; 7.463  ; Rise       ; i_clk           ;
;  o_io_hex7[0]   ; i_clk      ; 7.463  ; 7.463  ; Rise       ; i_clk           ;
;  o_io_hex7[1]   ; i_clk      ; 5.609  ; 5.609  ; Rise       ; i_clk           ;
;  o_io_hex7[2]   ; i_clk      ; 4.420  ; 4.420  ; Rise       ; i_clk           ;
;  o_io_hex7[3]   ; i_clk      ; 4.879  ; 4.879  ; Rise       ; i_clk           ;
;  o_io_hex7[4]   ; i_clk      ; 4.853  ; 4.853  ; Rise       ; i_clk           ;
;  o_io_hex7[5]   ; i_clk      ; 5.731  ; 5.731  ; Rise       ; i_clk           ;
;  o_io_hex7[6]   ; i_clk      ; 5.931  ; 5.931  ; Rise       ; i_clk           ;
; o_io_lcd[*]     ; i_clk      ; 7.165  ; 7.165  ; Rise       ; i_clk           ;
;  o_io_lcd[0]    ; i_clk      ; 5.984  ; 5.984  ; Rise       ; i_clk           ;
;  o_io_lcd[1]    ; i_clk      ; 7.165  ; 7.165  ; Rise       ; i_clk           ;
;  o_io_lcd[2]    ; i_clk      ; 5.170  ; 5.170  ; Rise       ; i_clk           ;
;  o_io_lcd[3]    ; i_clk      ; 4.774  ; 4.774  ; Rise       ; i_clk           ;
;  o_io_lcd[4]    ; i_clk      ; 5.250  ; 5.250  ; Rise       ; i_clk           ;
;  o_io_lcd[5]    ; i_clk      ; 4.464  ; 4.464  ; Rise       ; i_clk           ;
;  o_io_lcd[6]    ; i_clk      ; 5.236  ; 5.236  ; Rise       ; i_clk           ;
;  o_io_lcd[7]    ; i_clk      ; 5.233  ; 5.233  ; Rise       ; i_clk           ;
;  o_io_lcd[8]    ; i_clk      ; 5.335  ; 5.335  ; Rise       ; i_clk           ;
;  o_io_lcd[9]    ; i_clk      ; 6.216  ; 6.216  ; Rise       ; i_clk           ;
;  o_io_lcd[10]   ; i_clk      ; 5.023  ; 5.023  ; Rise       ; i_clk           ;
;  o_io_lcd[11]   ; i_clk      ; 5.127  ; 5.127  ; Rise       ; i_clk           ;
;  o_io_lcd[12]   ; i_clk      ; 3.869  ; 3.869  ; Rise       ; i_clk           ;
;  o_io_lcd[13]   ; i_clk      ; 3.817  ; 3.817  ; Rise       ; i_clk           ;
;  o_io_lcd[14]   ; i_clk      ; 4.163  ; 4.163  ; Rise       ; i_clk           ;
;  o_io_lcd[15]   ; i_clk      ; 4.152  ; 4.152  ; Rise       ; i_clk           ;
;  o_io_lcd[16]   ; i_clk      ; 4.072  ; 4.072  ; Rise       ; i_clk           ;
;  o_io_lcd[17]   ; i_clk      ; 4.295  ; 4.295  ; Rise       ; i_clk           ;
;  o_io_lcd[18]   ; i_clk      ; 4.084  ; 4.084  ; Rise       ; i_clk           ;
;  o_io_lcd[19]   ; i_clk      ; 5.878  ; 5.878  ; Rise       ; i_clk           ;
;  o_io_lcd[20]   ; i_clk      ; 4.964  ; 4.964  ; Rise       ; i_clk           ;
;  o_io_lcd[21]   ; i_clk      ; 4.546  ; 4.546  ; Rise       ; i_clk           ;
;  o_io_lcd[22]   ; i_clk      ; 4.864  ; 4.864  ; Rise       ; i_clk           ;
;  o_io_lcd[23]   ; i_clk      ; 4.655  ; 4.655  ; Rise       ; i_clk           ;
;  o_io_lcd[24]   ; i_clk      ; 4.713  ; 4.713  ; Rise       ; i_clk           ;
;  o_io_lcd[25]   ; i_clk      ; 4.040  ; 4.040  ; Rise       ; i_clk           ;
;  o_io_lcd[26]   ; i_clk      ; 4.738  ; 4.738  ; Rise       ; i_clk           ;
;  o_io_lcd[27]   ; i_clk      ; 4.270  ; 4.270  ; Rise       ; i_clk           ;
;  o_io_lcd[28]   ; i_clk      ; 4.199  ; 4.199  ; Rise       ; i_clk           ;
;  o_io_lcd[29]   ; i_clk      ; 4.239  ; 4.239  ; Rise       ; i_clk           ;
;  o_io_lcd[30]   ; i_clk      ; 5.274  ; 5.274  ; Rise       ; i_clk           ;
;  o_io_lcd[31]   ; i_clk      ; 5.266  ; 5.266  ; Rise       ; i_clk           ;
; o_io_ledg[*]    ; i_clk      ; 6.921  ; 6.921  ; Rise       ; i_clk           ;
;  o_io_ledg[0]   ; i_clk      ; 5.819  ; 5.819  ; Rise       ; i_clk           ;
;  o_io_ledg[1]   ; i_clk      ; 5.615  ; 5.615  ; Rise       ; i_clk           ;
;  o_io_ledg[2]   ; i_clk      ; 6.270  ; 6.270  ; Rise       ; i_clk           ;
;  o_io_ledg[3]   ; i_clk      ; 5.101  ; 5.101  ; Rise       ; i_clk           ;
;  o_io_ledg[4]   ; i_clk      ; 6.808  ; 6.808  ; Rise       ; i_clk           ;
;  o_io_ledg[5]   ; i_clk      ; 5.699  ; 5.699  ; Rise       ; i_clk           ;
;  o_io_ledg[6]   ; i_clk      ; 6.921  ; 6.921  ; Rise       ; i_clk           ;
;  o_io_ledg[7]   ; i_clk      ; 5.404  ; 5.404  ; Rise       ; i_clk           ;
;  o_io_ledg[8]   ; i_clk      ; 5.150  ; 5.150  ; Rise       ; i_clk           ;
;  o_io_ledg[9]   ; i_clk      ; 4.917  ; 4.917  ; Rise       ; i_clk           ;
;  o_io_ledg[10]  ; i_clk      ; 4.331  ; 4.331  ; Rise       ; i_clk           ;
;  o_io_ledg[11]  ; i_clk      ; 4.480  ; 4.480  ; Rise       ; i_clk           ;
;  o_io_ledg[12]  ; i_clk      ; 4.084  ; 4.084  ; Rise       ; i_clk           ;
;  o_io_ledg[13]  ; i_clk      ; 3.628  ; 3.628  ; Rise       ; i_clk           ;
;  o_io_ledg[14]  ; i_clk      ; 4.574  ; 4.574  ; Rise       ; i_clk           ;
;  o_io_ledg[15]  ; i_clk      ; 5.302  ; 5.302  ; Rise       ; i_clk           ;
;  o_io_ledg[16]  ; i_clk      ; 4.304  ; 4.304  ; Rise       ; i_clk           ;
;  o_io_ledg[17]  ; i_clk      ; 4.172  ; 4.172  ; Rise       ; i_clk           ;
;  o_io_ledg[18]  ; i_clk      ; 3.689  ; 3.689  ; Rise       ; i_clk           ;
;  o_io_ledg[19]  ; i_clk      ; 3.973  ; 3.973  ; Rise       ; i_clk           ;
;  o_io_ledg[20]  ; i_clk      ; 3.671  ; 3.671  ; Rise       ; i_clk           ;
;  o_io_ledg[21]  ; i_clk      ; 4.113  ; 4.113  ; Rise       ; i_clk           ;
;  o_io_ledg[22]  ; i_clk      ; 4.175  ; 4.175  ; Rise       ; i_clk           ;
;  o_io_ledg[23]  ; i_clk      ; 3.814  ; 3.814  ; Rise       ; i_clk           ;
;  o_io_ledg[24]  ; i_clk      ; 4.976  ; 4.976  ; Rise       ; i_clk           ;
;  o_io_ledg[25]  ; i_clk      ; 3.835  ; 3.835  ; Rise       ; i_clk           ;
;  o_io_ledg[26]  ; i_clk      ; 4.239  ; 4.239  ; Rise       ; i_clk           ;
;  o_io_ledg[27]  ; i_clk      ; 3.885  ; 3.885  ; Rise       ; i_clk           ;
;  o_io_ledg[28]  ; i_clk      ; 3.958  ; 3.958  ; Rise       ; i_clk           ;
;  o_io_ledg[29]  ; i_clk      ; 4.973  ; 4.973  ; Rise       ; i_clk           ;
;  o_io_ledg[30]  ; i_clk      ; 4.521  ; 4.521  ; Rise       ; i_clk           ;
;  o_io_ledg[31]  ; i_clk      ; 4.145  ; 4.145  ; Rise       ; i_clk           ;
; o_io_ledr[*]    ; i_clk      ; 6.919  ; 6.919  ; Rise       ; i_clk           ;
;  o_io_ledr[0]   ; i_clk      ; 5.745  ; 5.745  ; Rise       ; i_clk           ;
;  o_io_ledr[1]   ; i_clk      ; 6.547  ; 6.547  ; Rise       ; i_clk           ;
;  o_io_ledr[2]   ; i_clk      ; 5.901  ; 5.901  ; Rise       ; i_clk           ;
;  o_io_ledr[3]   ; i_clk      ; 5.193  ; 5.193  ; Rise       ; i_clk           ;
;  o_io_ledr[4]   ; i_clk      ; 6.087  ; 6.087  ; Rise       ; i_clk           ;
;  o_io_ledr[5]   ; i_clk      ; 6.668  ; 6.668  ; Rise       ; i_clk           ;
;  o_io_ledr[6]   ; i_clk      ; 6.875  ; 6.875  ; Rise       ; i_clk           ;
;  o_io_ledr[7]   ; i_clk      ; 6.151  ; 6.151  ; Rise       ; i_clk           ;
;  o_io_ledr[8]   ; i_clk      ; 4.080  ; 4.080  ; Rise       ; i_clk           ;
;  o_io_ledr[9]   ; i_clk      ; 5.513  ; 5.513  ; Rise       ; i_clk           ;
;  o_io_ledr[10]  ; i_clk      ; 5.415  ; 5.415  ; Rise       ; i_clk           ;
;  o_io_ledr[11]  ; i_clk      ; 4.967  ; 4.967  ; Rise       ; i_clk           ;
;  o_io_ledr[12]  ; i_clk      ; 6.919  ; 6.919  ; Rise       ; i_clk           ;
;  o_io_ledr[13]  ; i_clk      ; 5.909  ; 5.909  ; Rise       ; i_clk           ;
;  o_io_ledr[14]  ; i_clk      ; 4.759  ; 4.759  ; Rise       ; i_clk           ;
;  o_io_ledr[15]  ; i_clk      ; 5.214  ; 5.214  ; Rise       ; i_clk           ;
;  o_io_ledr[16]  ; i_clk      ; 5.011  ; 5.011  ; Rise       ; i_clk           ;
;  o_io_ledr[17]  ; i_clk      ; 4.946  ; 4.946  ; Rise       ; i_clk           ;
;  o_io_ledr[18]  ; i_clk      ; 5.315  ; 5.315  ; Rise       ; i_clk           ;
;  o_io_ledr[19]  ; i_clk      ; 3.900  ; 3.900  ; Rise       ; i_clk           ;
;  o_io_ledr[20]  ; i_clk      ; 3.872  ; 3.872  ; Rise       ; i_clk           ;
;  o_io_ledr[21]  ; i_clk      ; 4.130  ; 4.130  ; Rise       ; i_clk           ;
;  o_io_ledr[22]  ; i_clk      ; 3.769  ; 3.769  ; Rise       ; i_clk           ;
;  o_io_ledr[23]  ; i_clk      ; 4.188  ; 4.188  ; Rise       ; i_clk           ;
;  o_io_ledr[24]  ; i_clk      ; 5.138  ; 5.138  ; Rise       ; i_clk           ;
;  o_io_ledr[25]  ; i_clk      ; 4.364  ; 4.364  ; Rise       ; i_clk           ;
;  o_io_ledr[26]  ; i_clk      ; 6.241  ; 6.241  ; Rise       ; i_clk           ;
;  o_io_ledr[27]  ; i_clk      ; 4.892  ; 4.892  ; Rise       ; i_clk           ;
;  o_io_ledr[28]  ; i_clk      ; 4.510  ; 4.510  ; Rise       ; i_clk           ;
;  o_io_ledr[29]  ; i_clk      ; 3.761  ; 3.761  ; Rise       ; i_clk           ;
;  o_io_ledr[30]  ; i_clk      ; 3.636  ; 3.636  ; Rise       ; i_clk           ;
;  o_io_ledr[31]  ; i_clk      ; 5.127  ; 5.127  ; Rise       ; i_clk           ;
; o_pc_debug[*]   ; i_clk      ; 5.548  ; 5.548  ; Rise       ; i_clk           ;
;  o_pc_debug[0]  ; i_clk      ; 5.548  ; 5.548  ; Rise       ; i_clk           ;
;  o_pc_debug[1]  ; i_clk      ; 4.727  ; 4.727  ; Rise       ; i_clk           ;
;  o_pc_debug[2]  ; i_clk      ; 4.773  ; 4.773  ; Rise       ; i_clk           ;
;  o_pc_debug[3]  ; i_clk      ; 3.933  ; 3.933  ; Rise       ; i_clk           ;
;  o_pc_debug[4]  ; i_clk      ; 3.877  ; 3.877  ; Rise       ; i_clk           ;
;  o_pc_debug[5]  ; i_clk      ; 3.889  ; 3.889  ; Rise       ; i_clk           ;
;  o_pc_debug[6]  ; i_clk      ; 4.041  ; 4.041  ; Rise       ; i_clk           ;
;  o_pc_debug[7]  ; i_clk      ; 3.651  ; 3.651  ; Rise       ; i_clk           ;
;  o_pc_debug[8]  ; i_clk      ; 3.655  ; 3.655  ; Rise       ; i_clk           ;
;  o_pc_debug[9]  ; i_clk      ; 3.879  ; 3.879  ; Rise       ; i_clk           ;
;  o_pc_debug[10] ; i_clk      ; 3.884  ; 3.884  ; Rise       ; i_clk           ;
;  o_pc_debug[11] ; i_clk      ; 3.800  ; 3.800  ; Rise       ; i_clk           ;
;  o_pc_debug[12] ; i_clk      ; 3.414  ; 3.414  ; Rise       ; i_clk           ;
;  o_pc_debug[13] ; i_clk      ; 3.782  ; 3.782  ; Rise       ; i_clk           ;
;  o_pc_debug[14] ; i_clk      ; 4.320  ; 4.320  ; Rise       ; i_clk           ;
;  o_pc_debug[15] ; i_clk      ; 4.077  ; 4.077  ; Rise       ; i_clk           ;
;  o_pc_debug[16] ; i_clk      ; 4.084  ; 4.084  ; Rise       ; i_clk           ;
;  o_pc_debug[17] ; i_clk      ; 3.959  ; 3.959  ; Rise       ; i_clk           ;
;  o_pc_debug[18] ; i_clk      ; 3.965  ; 3.965  ; Rise       ; i_clk           ;
;  o_pc_debug[19] ; i_clk      ; 3.898  ; 3.898  ; Rise       ; i_clk           ;
;  o_pc_debug[20] ; i_clk      ; 4.535  ; 4.535  ; Rise       ; i_clk           ;
;  o_pc_debug[21] ; i_clk      ; 4.156  ; 4.156  ; Rise       ; i_clk           ;
;  o_pc_debug[22] ; i_clk      ; 4.906  ; 4.906  ; Rise       ; i_clk           ;
;  o_pc_debug[23] ; i_clk      ; 4.069  ; 4.069  ; Rise       ; i_clk           ;
;  o_pc_debug[24] ; i_clk      ; 4.765  ; 4.765  ; Rise       ; i_clk           ;
;  o_pc_debug[25] ; i_clk      ; 4.136  ; 4.136  ; Rise       ; i_clk           ;
;  o_pc_debug[26] ; i_clk      ; 3.994  ; 3.994  ; Rise       ; i_clk           ;
;  o_pc_debug[27] ; i_clk      ; 5.266  ; 5.266  ; Rise       ; i_clk           ;
;  o_pc_debug[28] ; i_clk      ; 3.789  ; 3.789  ; Rise       ; i_clk           ;
;  o_pc_debug[29] ; i_clk      ; 4.868  ; 4.868  ; Rise       ; i_clk           ;
;  o_pc_debug[30] ; i_clk      ; 4.391  ; 4.391  ; Rise       ; i_clk           ;
;  o_pc_debug[31] ; i_clk      ; 4.606  ; 4.606  ; Rise       ; i_clk           ;
; o_inst_vld      ; i_reset    ; 10.548 ; 10.548 ; Rise       ; i_reset         ;
; o_inst_vld      ; i_reset    ; 10.548 ; 10.548 ; Fall       ; i_reset         ;
+-----------------+------------+--------+--------+------------+-----------------+


+-------------------------------------------------------------------------------+
; Minimum Clock to Output Times                                                 ;
+-----------------+------------+--------+--------+------------+-----------------+
; Data Port       ; Clock Port ; Rise   ; Fall   ; Clock Edge ; Clock Reference ;
+-----------------+------------+--------+--------+------------+-----------------+
; o_inst_vld      ; i_clk      ; 6.625  ; 6.625  ; Rise       ; i_clk           ;
; o_io_hex0[*]    ; i_clk      ; 3.895  ; 3.895  ; Rise       ; i_clk           ;
;  o_io_hex0[0]   ; i_clk      ; 3.895  ; 3.895  ; Rise       ; i_clk           ;
;  o_io_hex0[1]   ; i_clk      ; 5.669  ; 5.669  ; Rise       ; i_clk           ;
;  o_io_hex0[2]   ; i_clk      ; 5.069  ; 5.069  ; Rise       ; i_clk           ;
;  o_io_hex0[3]   ; i_clk      ; 4.879  ; 4.879  ; Rise       ; i_clk           ;
;  o_io_hex0[4]   ; i_clk      ; 4.932  ; 4.932  ; Rise       ; i_clk           ;
;  o_io_hex0[5]   ; i_clk      ; 6.411  ; 6.411  ; Rise       ; i_clk           ;
;  o_io_hex0[6]   ; i_clk      ; 6.403  ; 6.403  ; Rise       ; i_clk           ;
; o_io_hex1[*]    ; i_clk      ; 5.393  ; 5.393  ; Rise       ; i_clk           ;
;  o_io_hex1[0]   ; i_clk      ; 5.393  ; 5.393  ; Rise       ; i_clk           ;
;  o_io_hex1[1]   ; i_clk      ; 6.410  ; 6.410  ; Rise       ; i_clk           ;
;  o_io_hex1[2]   ; i_clk      ; 6.818  ; 6.818  ; Rise       ; i_clk           ;
;  o_io_hex1[3]   ; i_clk      ; 5.557  ; 5.557  ; Rise       ; i_clk           ;
;  o_io_hex1[4]   ; i_clk      ; 6.139  ; 6.139  ; Rise       ; i_clk           ;
;  o_io_hex1[5]   ; i_clk      ; 6.892  ; 6.892  ; Rise       ; i_clk           ;
;  o_io_hex1[6]   ; i_clk      ; 6.506  ; 6.506  ; Rise       ; i_clk           ;
; o_io_hex2[*]    ; i_clk      ; 4.807  ; 4.807  ; Rise       ; i_clk           ;
;  o_io_hex2[0]   ; i_clk      ; 6.676  ; 6.676  ; Rise       ; i_clk           ;
;  o_io_hex2[1]   ; i_clk      ; 5.643  ; 5.643  ; Rise       ; i_clk           ;
;  o_io_hex2[2]   ; i_clk      ; 4.807  ; 4.807  ; Rise       ; i_clk           ;
;  o_io_hex2[3]   ; i_clk      ; 6.360  ; 6.360  ; Rise       ; i_clk           ;
;  o_io_hex2[4]   ; i_clk      ; 7.146  ; 7.146  ; Rise       ; i_clk           ;
;  o_io_hex2[5]   ; i_clk      ; 5.152  ; 5.152  ; Rise       ; i_clk           ;
;  o_io_hex2[6]   ; i_clk      ; 6.652  ; 6.652  ; Rise       ; i_clk           ;
; o_io_hex3[*]    ; i_clk      ; 5.421  ; 5.421  ; Rise       ; i_clk           ;
;  o_io_hex3[0]   ; i_clk      ; 6.771  ; 6.771  ; Rise       ; i_clk           ;
;  o_io_hex3[1]   ; i_clk      ; 6.182  ; 6.182  ; Rise       ; i_clk           ;
;  o_io_hex3[2]   ; i_clk      ; 6.227  ; 6.227  ; Rise       ; i_clk           ;
;  o_io_hex3[3]   ; i_clk      ; 6.301  ; 6.301  ; Rise       ; i_clk           ;
;  o_io_hex3[4]   ; i_clk      ; 5.696  ; 5.696  ; Rise       ; i_clk           ;
;  o_io_hex3[5]   ; i_clk      ; 6.475  ; 6.475  ; Rise       ; i_clk           ;
;  o_io_hex3[6]   ; i_clk      ; 5.421  ; 5.421  ; Rise       ; i_clk           ;
; o_io_hex4[*]    ; i_clk      ; 5.691  ; 5.691  ; Rise       ; i_clk           ;
;  o_io_hex4[0]   ; i_clk      ; 5.691  ; 5.691  ; Rise       ; i_clk           ;
;  o_io_hex4[1]   ; i_clk      ; 6.218  ; 6.218  ; Rise       ; i_clk           ;
;  o_io_hex4[2]   ; i_clk      ; 6.012  ; 6.012  ; Rise       ; i_clk           ;
;  o_io_hex4[3]   ; i_clk      ; 6.502  ; 6.502  ; Rise       ; i_clk           ;
;  o_io_hex4[4]   ; i_clk      ; 5.955  ; 5.955  ; Rise       ; i_clk           ;
;  o_io_hex4[5]   ; i_clk      ; 6.303  ; 6.303  ; Rise       ; i_clk           ;
;  o_io_hex4[6]   ; i_clk      ; 5.980  ; 5.980  ; Rise       ; i_clk           ;
; o_io_hex5[*]    ; i_clk      ; 5.346  ; 5.346  ; Rise       ; i_clk           ;
;  o_io_hex5[0]   ; i_clk      ; 6.132  ; 6.132  ; Rise       ; i_clk           ;
;  o_io_hex5[1]   ; i_clk      ; 6.418  ; 6.418  ; Rise       ; i_clk           ;
;  o_io_hex5[2]   ; i_clk      ; 6.737  ; 6.737  ; Rise       ; i_clk           ;
;  o_io_hex5[3]   ; i_clk      ; 5.711  ; 5.711  ; Rise       ; i_clk           ;
;  o_io_hex5[4]   ; i_clk      ; 5.346  ; 5.346  ; Rise       ; i_clk           ;
;  o_io_hex5[5]   ; i_clk      ; 5.777  ; 5.777  ; Rise       ; i_clk           ;
;  o_io_hex5[6]   ; i_clk      ; 5.747  ; 5.747  ; Rise       ; i_clk           ;
; o_io_hex6[*]    ; i_clk      ; 4.893  ; 4.893  ; Rise       ; i_clk           ;
;  o_io_hex6[0]   ; i_clk      ; 5.823  ; 5.823  ; Rise       ; i_clk           ;
;  o_io_hex6[1]   ; i_clk      ; 6.000  ; 6.000  ; Rise       ; i_clk           ;
;  o_io_hex6[2]   ; i_clk      ; 4.949  ; 4.949  ; Rise       ; i_clk           ;
;  o_io_hex6[3]   ; i_clk      ; 5.249  ; 5.249  ; Rise       ; i_clk           ;
;  o_io_hex6[4]   ; i_clk      ; 4.893  ; 4.893  ; Rise       ; i_clk           ;
;  o_io_hex6[5]   ; i_clk      ; 5.475  ; 5.475  ; Rise       ; i_clk           ;
;  o_io_hex6[6]   ; i_clk      ; 6.198  ; 6.198  ; Rise       ; i_clk           ;
; o_io_hex7[*]    ; i_clk      ; 4.420  ; 4.420  ; Rise       ; i_clk           ;
;  o_io_hex7[0]   ; i_clk      ; 7.463  ; 7.463  ; Rise       ; i_clk           ;
;  o_io_hex7[1]   ; i_clk      ; 5.609  ; 5.609  ; Rise       ; i_clk           ;
;  o_io_hex7[2]   ; i_clk      ; 4.420  ; 4.420  ; Rise       ; i_clk           ;
;  o_io_hex7[3]   ; i_clk      ; 4.879  ; 4.879  ; Rise       ; i_clk           ;
;  o_io_hex7[4]   ; i_clk      ; 4.853  ; 4.853  ; Rise       ; i_clk           ;
;  o_io_hex7[5]   ; i_clk      ; 5.731  ; 5.731  ; Rise       ; i_clk           ;
;  o_io_hex7[6]   ; i_clk      ; 5.931  ; 5.931  ; Rise       ; i_clk           ;
; o_io_lcd[*]     ; i_clk      ; 3.817  ; 3.817  ; Rise       ; i_clk           ;
;  o_io_lcd[0]    ; i_clk      ; 5.984  ; 5.984  ; Rise       ; i_clk           ;
;  o_io_lcd[1]    ; i_clk      ; 7.165  ; 7.165  ; Rise       ; i_clk           ;
;  o_io_lcd[2]    ; i_clk      ; 5.170  ; 5.170  ; Rise       ; i_clk           ;
;  o_io_lcd[3]    ; i_clk      ; 4.774  ; 4.774  ; Rise       ; i_clk           ;
;  o_io_lcd[4]    ; i_clk      ; 5.250  ; 5.250  ; Rise       ; i_clk           ;
;  o_io_lcd[5]    ; i_clk      ; 4.464  ; 4.464  ; Rise       ; i_clk           ;
;  o_io_lcd[6]    ; i_clk      ; 5.236  ; 5.236  ; Rise       ; i_clk           ;
;  o_io_lcd[7]    ; i_clk      ; 5.233  ; 5.233  ; Rise       ; i_clk           ;
;  o_io_lcd[8]    ; i_clk      ; 5.335  ; 5.335  ; Rise       ; i_clk           ;
;  o_io_lcd[9]    ; i_clk      ; 6.216  ; 6.216  ; Rise       ; i_clk           ;
;  o_io_lcd[10]   ; i_clk      ; 5.023  ; 5.023  ; Rise       ; i_clk           ;
;  o_io_lcd[11]   ; i_clk      ; 5.127  ; 5.127  ; Rise       ; i_clk           ;
;  o_io_lcd[12]   ; i_clk      ; 3.869  ; 3.869  ; Rise       ; i_clk           ;
;  o_io_lcd[13]   ; i_clk      ; 3.817  ; 3.817  ; Rise       ; i_clk           ;
;  o_io_lcd[14]   ; i_clk      ; 4.163  ; 4.163  ; Rise       ; i_clk           ;
;  o_io_lcd[15]   ; i_clk      ; 4.152  ; 4.152  ; Rise       ; i_clk           ;
;  o_io_lcd[16]   ; i_clk      ; 4.072  ; 4.072  ; Rise       ; i_clk           ;
;  o_io_lcd[17]   ; i_clk      ; 4.295  ; 4.295  ; Rise       ; i_clk           ;
;  o_io_lcd[18]   ; i_clk      ; 4.084  ; 4.084  ; Rise       ; i_clk           ;
;  o_io_lcd[19]   ; i_clk      ; 5.878  ; 5.878  ; Rise       ; i_clk           ;
;  o_io_lcd[20]   ; i_clk      ; 4.964  ; 4.964  ; Rise       ; i_clk           ;
;  o_io_lcd[21]   ; i_clk      ; 4.546  ; 4.546  ; Rise       ; i_clk           ;
;  o_io_lcd[22]   ; i_clk      ; 4.864  ; 4.864  ; Rise       ; i_clk           ;
;  o_io_lcd[23]   ; i_clk      ; 4.655  ; 4.655  ; Rise       ; i_clk           ;
;  o_io_lcd[24]   ; i_clk      ; 4.713  ; 4.713  ; Rise       ; i_clk           ;
;  o_io_lcd[25]   ; i_clk      ; 4.040  ; 4.040  ; Rise       ; i_clk           ;
;  o_io_lcd[26]   ; i_clk      ; 4.738  ; 4.738  ; Rise       ; i_clk           ;
;  o_io_lcd[27]   ; i_clk      ; 4.270  ; 4.270  ; Rise       ; i_clk           ;
;  o_io_lcd[28]   ; i_clk      ; 4.199  ; 4.199  ; Rise       ; i_clk           ;
;  o_io_lcd[29]   ; i_clk      ; 4.239  ; 4.239  ; Rise       ; i_clk           ;
;  o_io_lcd[30]   ; i_clk      ; 5.274  ; 5.274  ; Rise       ; i_clk           ;
;  o_io_lcd[31]   ; i_clk      ; 5.266  ; 5.266  ; Rise       ; i_clk           ;
; o_io_ledg[*]    ; i_clk      ; 3.628  ; 3.628  ; Rise       ; i_clk           ;
;  o_io_ledg[0]   ; i_clk      ; 5.819  ; 5.819  ; Rise       ; i_clk           ;
;  o_io_ledg[1]   ; i_clk      ; 5.615  ; 5.615  ; Rise       ; i_clk           ;
;  o_io_ledg[2]   ; i_clk      ; 6.270  ; 6.270  ; Rise       ; i_clk           ;
;  o_io_ledg[3]   ; i_clk      ; 5.101  ; 5.101  ; Rise       ; i_clk           ;
;  o_io_ledg[4]   ; i_clk      ; 6.808  ; 6.808  ; Rise       ; i_clk           ;
;  o_io_ledg[5]   ; i_clk      ; 5.699  ; 5.699  ; Rise       ; i_clk           ;
;  o_io_ledg[6]   ; i_clk      ; 6.921  ; 6.921  ; Rise       ; i_clk           ;
;  o_io_ledg[7]   ; i_clk      ; 5.404  ; 5.404  ; Rise       ; i_clk           ;
;  o_io_ledg[8]   ; i_clk      ; 5.150  ; 5.150  ; Rise       ; i_clk           ;
;  o_io_ledg[9]   ; i_clk      ; 4.917  ; 4.917  ; Rise       ; i_clk           ;
;  o_io_ledg[10]  ; i_clk      ; 4.331  ; 4.331  ; Rise       ; i_clk           ;
;  o_io_ledg[11]  ; i_clk      ; 4.480  ; 4.480  ; Rise       ; i_clk           ;
;  o_io_ledg[12]  ; i_clk      ; 4.084  ; 4.084  ; Rise       ; i_clk           ;
;  o_io_ledg[13]  ; i_clk      ; 3.628  ; 3.628  ; Rise       ; i_clk           ;
;  o_io_ledg[14]  ; i_clk      ; 4.574  ; 4.574  ; Rise       ; i_clk           ;
;  o_io_ledg[15]  ; i_clk      ; 5.302  ; 5.302  ; Rise       ; i_clk           ;
;  o_io_ledg[16]  ; i_clk      ; 4.304  ; 4.304  ; Rise       ; i_clk           ;
;  o_io_ledg[17]  ; i_clk      ; 4.172  ; 4.172  ; Rise       ; i_clk           ;
;  o_io_ledg[18]  ; i_clk      ; 3.689  ; 3.689  ; Rise       ; i_clk           ;
;  o_io_ledg[19]  ; i_clk      ; 3.973  ; 3.973  ; Rise       ; i_clk           ;
;  o_io_ledg[20]  ; i_clk      ; 3.671  ; 3.671  ; Rise       ; i_clk           ;
;  o_io_ledg[21]  ; i_clk      ; 4.113  ; 4.113  ; Rise       ; i_clk           ;
;  o_io_ledg[22]  ; i_clk      ; 4.175  ; 4.175  ; Rise       ; i_clk           ;
;  o_io_ledg[23]  ; i_clk      ; 3.814  ; 3.814  ; Rise       ; i_clk           ;
;  o_io_ledg[24]  ; i_clk      ; 4.976  ; 4.976  ; Rise       ; i_clk           ;
;  o_io_ledg[25]  ; i_clk      ; 3.835  ; 3.835  ; Rise       ; i_clk           ;
;  o_io_ledg[26]  ; i_clk      ; 4.239  ; 4.239  ; Rise       ; i_clk           ;
;  o_io_ledg[27]  ; i_clk      ; 3.885  ; 3.885  ; Rise       ; i_clk           ;
;  o_io_ledg[28]  ; i_clk      ; 3.958  ; 3.958  ; Rise       ; i_clk           ;
;  o_io_ledg[29]  ; i_clk      ; 4.973  ; 4.973  ; Rise       ; i_clk           ;
;  o_io_ledg[30]  ; i_clk      ; 4.521  ; 4.521  ; Rise       ; i_clk           ;
;  o_io_ledg[31]  ; i_clk      ; 4.145  ; 4.145  ; Rise       ; i_clk           ;
; o_io_ledr[*]    ; i_clk      ; 3.636  ; 3.636  ; Rise       ; i_clk           ;
;  o_io_ledr[0]   ; i_clk      ; 5.745  ; 5.745  ; Rise       ; i_clk           ;
;  o_io_ledr[1]   ; i_clk      ; 6.547  ; 6.547  ; Rise       ; i_clk           ;
;  o_io_ledr[2]   ; i_clk      ; 5.901  ; 5.901  ; Rise       ; i_clk           ;
;  o_io_ledr[3]   ; i_clk      ; 5.193  ; 5.193  ; Rise       ; i_clk           ;
;  o_io_ledr[4]   ; i_clk      ; 6.087  ; 6.087  ; Rise       ; i_clk           ;
;  o_io_ledr[5]   ; i_clk      ; 6.668  ; 6.668  ; Rise       ; i_clk           ;
;  o_io_ledr[6]   ; i_clk      ; 6.875  ; 6.875  ; Rise       ; i_clk           ;
;  o_io_ledr[7]   ; i_clk      ; 6.151  ; 6.151  ; Rise       ; i_clk           ;
;  o_io_ledr[8]   ; i_clk      ; 4.080  ; 4.080  ; Rise       ; i_clk           ;
;  o_io_ledr[9]   ; i_clk      ; 5.513  ; 5.513  ; Rise       ; i_clk           ;
;  o_io_ledr[10]  ; i_clk      ; 5.415  ; 5.415  ; Rise       ; i_clk           ;
;  o_io_ledr[11]  ; i_clk      ; 4.967  ; 4.967  ; Rise       ; i_clk           ;
;  o_io_ledr[12]  ; i_clk      ; 6.919  ; 6.919  ; Rise       ; i_clk           ;
;  o_io_ledr[13]  ; i_clk      ; 5.909  ; 5.909  ; Rise       ; i_clk           ;
;  o_io_ledr[14]  ; i_clk      ; 4.759  ; 4.759  ; Rise       ; i_clk           ;
;  o_io_ledr[15]  ; i_clk      ; 5.214  ; 5.214  ; Rise       ; i_clk           ;
;  o_io_ledr[16]  ; i_clk      ; 5.011  ; 5.011  ; Rise       ; i_clk           ;
;  o_io_ledr[17]  ; i_clk      ; 4.946  ; 4.946  ; Rise       ; i_clk           ;
;  o_io_ledr[18]  ; i_clk      ; 5.315  ; 5.315  ; Rise       ; i_clk           ;
;  o_io_ledr[19]  ; i_clk      ; 3.900  ; 3.900  ; Rise       ; i_clk           ;
;  o_io_ledr[20]  ; i_clk      ; 3.872  ; 3.872  ; Rise       ; i_clk           ;
;  o_io_ledr[21]  ; i_clk      ; 4.130  ; 4.130  ; Rise       ; i_clk           ;
;  o_io_ledr[22]  ; i_clk      ; 3.769  ; 3.769  ; Rise       ; i_clk           ;
;  o_io_ledr[23]  ; i_clk      ; 4.188  ; 4.188  ; Rise       ; i_clk           ;
;  o_io_ledr[24]  ; i_clk      ; 5.138  ; 5.138  ; Rise       ; i_clk           ;
;  o_io_ledr[25]  ; i_clk      ; 4.364  ; 4.364  ; Rise       ; i_clk           ;
;  o_io_ledr[26]  ; i_clk      ; 6.241  ; 6.241  ; Rise       ; i_clk           ;
;  o_io_ledr[27]  ; i_clk      ; 4.892  ; 4.892  ; Rise       ; i_clk           ;
;  o_io_ledr[28]  ; i_clk      ; 4.510  ; 4.510  ; Rise       ; i_clk           ;
;  o_io_ledr[29]  ; i_clk      ; 3.761  ; 3.761  ; Rise       ; i_clk           ;
;  o_io_ledr[30]  ; i_clk      ; 3.636  ; 3.636  ; Rise       ; i_clk           ;
;  o_io_ledr[31]  ; i_clk      ; 5.127  ; 5.127  ; Rise       ; i_clk           ;
; o_pc_debug[*]   ; i_clk      ; 3.414  ; 3.414  ; Rise       ; i_clk           ;
;  o_pc_debug[0]  ; i_clk      ; 5.548  ; 5.548  ; Rise       ; i_clk           ;
;  o_pc_debug[1]  ; i_clk      ; 4.727  ; 4.727  ; Rise       ; i_clk           ;
;  o_pc_debug[2]  ; i_clk      ; 4.773  ; 4.773  ; Rise       ; i_clk           ;
;  o_pc_debug[3]  ; i_clk      ; 3.933  ; 3.933  ; Rise       ; i_clk           ;
;  o_pc_debug[4]  ; i_clk      ; 3.877  ; 3.877  ; Rise       ; i_clk           ;
;  o_pc_debug[5]  ; i_clk      ; 3.889  ; 3.889  ; Rise       ; i_clk           ;
;  o_pc_debug[6]  ; i_clk      ; 4.041  ; 4.041  ; Rise       ; i_clk           ;
;  o_pc_debug[7]  ; i_clk      ; 3.651  ; 3.651  ; Rise       ; i_clk           ;
;  o_pc_debug[8]  ; i_clk      ; 3.655  ; 3.655  ; Rise       ; i_clk           ;
;  o_pc_debug[9]  ; i_clk      ; 3.879  ; 3.879  ; Rise       ; i_clk           ;
;  o_pc_debug[10] ; i_clk      ; 3.884  ; 3.884  ; Rise       ; i_clk           ;
;  o_pc_debug[11] ; i_clk      ; 3.800  ; 3.800  ; Rise       ; i_clk           ;
;  o_pc_debug[12] ; i_clk      ; 3.414  ; 3.414  ; Rise       ; i_clk           ;
;  o_pc_debug[13] ; i_clk      ; 3.782  ; 3.782  ; Rise       ; i_clk           ;
;  o_pc_debug[14] ; i_clk      ; 4.320  ; 4.320  ; Rise       ; i_clk           ;
;  o_pc_debug[15] ; i_clk      ; 4.077  ; 4.077  ; Rise       ; i_clk           ;
;  o_pc_debug[16] ; i_clk      ; 4.084  ; 4.084  ; Rise       ; i_clk           ;
;  o_pc_debug[17] ; i_clk      ; 3.959  ; 3.959  ; Rise       ; i_clk           ;
;  o_pc_debug[18] ; i_clk      ; 3.965  ; 3.965  ; Rise       ; i_clk           ;
;  o_pc_debug[19] ; i_clk      ; 3.898  ; 3.898  ; Rise       ; i_clk           ;
;  o_pc_debug[20] ; i_clk      ; 4.535  ; 4.535  ; Rise       ; i_clk           ;
;  o_pc_debug[21] ; i_clk      ; 4.156  ; 4.156  ; Rise       ; i_clk           ;
;  o_pc_debug[22] ; i_clk      ; 4.906  ; 4.906  ; Rise       ; i_clk           ;
;  o_pc_debug[23] ; i_clk      ; 4.069  ; 4.069  ; Rise       ; i_clk           ;
;  o_pc_debug[24] ; i_clk      ; 4.765  ; 4.765  ; Rise       ; i_clk           ;
;  o_pc_debug[25] ; i_clk      ; 4.136  ; 4.136  ; Rise       ; i_clk           ;
;  o_pc_debug[26] ; i_clk      ; 3.994  ; 3.994  ; Rise       ; i_clk           ;
;  o_pc_debug[27] ; i_clk      ; 5.266  ; 5.266  ; Rise       ; i_clk           ;
;  o_pc_debug[28] ; i_clk      ; 3.789  ; 3.789  ; Rise       ; i_clk           ;
;  o_pc_debug[29] ; i_clk      ; 4.868  ; 4.868  ; Rise       ; i_clk           ;
;  o_pc_debug[30] ; i_clk      ; 4.391  ; 4.391  ; Rise       ; i_clk           ;
;  o_pc_debug[31] ; i_clk      ; 4.606  ; 4.606  ; Rise       ; i_clk           ;
; o_inst_vld      ; i_reset    ; 10.548 ; 10.548 ; Rise       ; i_reset         ;
; o_inst_vld      ; i_reset    ; 7.228  ; 7.228  ; Fall       ; i_reset         ;
+-----------------+------------+--------+--------+------------+-----------------+


+-------------------------------------------------------------------------------------+
; Multicorner Timing Analysis Summary                                                 ;
+------------------+-------------+-------+------------+---------+---------------------+
; Clock            ; Setup       ; Hold  ; Recovery   ; Removal ; Minimum Pulse Width ;
+------------------+-------------+-------+------------+---------+---------------------+
; Worst-case Slack ; -37.111     ; 0.215 ; -3.853     ; -0.165  ; -1.380              ;
;  i_clk           ; -37.111     ; 0.215 ; -3.853     ; -0.165  ; -1.380              ;
;  i_reset         ; -2.362      ; 1.143 ; N/A        ; N/A     ; -1.222              ;
; Design-wide TNS  ; -590161.496 ; 0.0   ; -26509.846 ; -5.692  ; -17635.602          ;
;  i_clk           ; -590159.134 ; 0.000 ; -26509.846 ; -5.692  ; -17634.380          ;
;  i_reset         ; -2.362      ; 0.000 ; N/A        ; N/A     ; -1.222              ;
+------------------+-------------+-------+------------+---------+---------------------+


+----------------------------------------------------------------------------+
; Setup Times                                                                ;
+--------------+------------+--------+--------+------------+-----------------+
; Data Port    ; Clock Port ; Rise   ; Fall   ; Clock Edge ; Clock Reference ;
+--------------+------------+--------+--------+------------+-----------------+
; i_io_sw[*]   ; i_clk      ; 9.484  ; 9.484  ; Rise       ; i_clk           ;
;  i_io_sw[0]  ; i_clk      ; 4.137  ; 4.137  ; Rise       ; i_clk           ;
;  i_io_sw[1]  ; i_clk      ; 1.307  ; 1.307  ; Rise       ; i_clk           ;
;  i_io_sw[2]  ; i_clk      ; 0.200  ; 0.200  ; Rise       ; i_clk           ;
;  i_io_sw[3]  ; i_clk      ; 0.480  ; 0.480  ; Rise       ; i_clk           ;
;  i_io_sw[4]  ; i_clk      ; 0.151  ; 0.151  ; Rise       ; i_clk           ;
;  i_io_sw[5]  ; i_clk      ; 0.938  ; 0.938  ; Rise       ; i_clk           ;
;  i_io_sw[6]  ; i_clk      ; 1.538  ; 1.538  ; Rise       ; i_clk           ;
;  i_io_sw[7]  ; i_clk      ; 0.279  ; 0.279  ; Rise       ; i_clk           ;
;  i_io_sw[8]  ; i_clk      ; -0.130 ; -0.130 ; Rise       ; i_clk           ;
;  i_io_sw[9]  ; i_clk      ; -0.617 ; -0.617 ; Rise       ; i_clk           ;
;  i_io_sw[10] ; i_clk      ; 6.135  ; 6.135  ; Rise       ; i_clk           ;
;  i_io_sw[11] ; i_clk      ; 4.474  ; 4.474  ; Rise       ; i_clk           ;
;  i_io_sw[12] ; i_clk      ; 0.956  ; 0.956  ; Rise       ; i_clk           ;
;  i_io_sw[13] ; i_clk      ; 2.885  ; 2.885  ; Rise       ; i_clk           ;
;  i_io_sw[14] ; i_clk      ; 6.356  ; 6.356  ; Rise       ; i_clk           ;
;  i_io_sw[15] ; i_clk      ; 8.621  ; 8.621  ; Rise       ; i_clk           ;
;  i_io_sw[16] ; i_clk      ; 9.484  ; 9.484  ; Rise       ; i_clk           ;
;  i_io_sw[17] ; i_clk      ; 8.415  ; 8.415  ; Rise       ; i_clk           ;
;  i_io_sw[18] ; i_clk      ; 5.674  ; 5.674  ; Rise       ; i_clk           ;
;  i_io_sw[19] ; i_clk      ; 4.190  ; 4.190  ; Rise       ; i_clk           ;
;  i_io_sw[20] ; i_clk      ; 3.637  ; 3.637  ; Rise       ; i_clk           ;
;  i_io_sw[21] ; i_clk      ; 3.197  ; 3.197  ; Rise       ; i_clk           ;
;  i_io_sw[22] ; i_clk      ; 3.212  ; 3.212  ; Rise       ; i_clk           ;
;  i_io_sw[23] ; i_clk      ; 2.883  ; 2.883  ; Rise       ; i_clk           ;
;  i_io_sw[24] ; i_clk      ; 5.379  ; 5.379  ; Rise       ; i_clk           ;
;  i_io_sw[25] ; i_clk      ; 3.192  ; 3.192  ; Rise       ; i_clk           ;
;  i_io_sw[26] ; i_clk      ; 3.204  ; 3.204  ; Rise       ; i_clk           ;
;  i_io_sw[27] ; i_clk      ; 3.708  ; 3.708  ; Rise       ; i_clk           ;
;  i_io_sw[28] ; i_clk      ; 2.857  ; 2.857  ; Rise       ; i_clk           ;
;  i_io_sw[29] ; i_clk      ; 4.696  ; 4.696  ; Rise       ; i_clk           ;
;  i_io_sw[30] ; i_clk      ; 2.877  ; 2.877  ; Rise       ; i_clk           ;
;  i_io_sw[31] ; i_clk      ; 3.751  ; 3.751  ; Rise       ; i_clk           ;
; i_reset      ; i_clk      ; 8.298  ; 8.298  ; Rise       ; i_clk           ;
+--------------+------------+--------+--------+------------+-----------------+


+----------------------------------------------------------------------------+
; Hold Times                                                                 ;
+--------------+------------+--------+--------+------------+-----------------+
; Data Port    ; Clock Port ; Rise   ; Fall   ; Clock Edge ; Clock Reference ;
+--------------+------------+--------+--------+------------+-----------------+
; i_io_sw[*]   ; i_clk      ; 0.944  ; 0.944  ; Rise       ; i_clk           ;
;  i_io_sw[0]  ; i_clk      ; -1.560 ; -1.560 ; Rise       ; i_clk           ;
;  i_io_sw[1]  ; i_clk      ; -0.225 ; -0.225 ; Rise       ; i_clk           ;
;  i_io_sw[2]  ; i_clk      ; 0.249  ; 0.249  ; Rise       ; i_clk           ;
;  i_io_sw[3]  ; i_clk      ; 0.121  ; 0.121  ; Rise       ; i_clk           ;
;  i_io_sw[4]  ; i_clk      ; 0.335  ; 0.335  ; Rise       ; i_clk           ;
;  i_io_sw[5]  ; i_clk      ; -0.017 ; -0.017 ; Rise       ; i_clk           ;
;  i_io_sw[6]  ; i_clk      ; -0.376 ; -0.376 ; Rise       ; i_clk           ;
;  i_io_sw[7]  ; i_clk      ; 0.250  ; 0.250  ; Rise       ; i_clk           ;
;  i_io_sw[8]  ; i_clk      ; 0.450  ; 0.450  ; Rise       ; i_clk           ;
;  i_io_sw[9]  ; i_clk      ; 0.944  ; 0.944  ; Rise       ; i_clk           ;
;  i_io_sw[10] ; i_clk      ; -2.521 ; -2.521 ; Rise       ; i_clk           ;
;  i_io_sw[11] ; i_clk      ; -1.760 ; -1.760 ; Rise       ; i_clk           ;
;  i_io_sw[12] ; i_clk      ; -0.040 ; -0.040 ; Rise       ; i_clk           ;
;  i_io_sw[13] ; i_clk      ; -1.513 ; -1.513 ; Rise       ; i_clk           ;
;  i_io_sw[14] ; i_clk      ; -3.162 ; -3.162 ; Rise       ; i_clk           ;
;  i_io_sw[15] ; i_clk      ; -4.244 ; -4.244 ; Rise       ; i_clk           ;
;  i_io_sw[16] ; i_clk      ; -4.760 ; -4.760 ; Rise       ; i_clk           ;
;  i_io_sw[17] ; i_clk      ; -4.145 ; -4.145 ; Rise       ; i_clk           ;
;  i_io_sw[18] ; i_clk      ; -2.840 ; -2.840 ; Rise       ; i_clk           ;
;  i_io_sw[19] ; i_clk      ; -2.182 ; -2.182 ; Rise       ; i_clk           ;
;  i_io_sw[20] ; i_clk      ; -1.884 ; -1.884 ; Rise       ; i_clk           ;
;  i_io_sw[21] ; i_clk      ; -1.645 ; -1.645 ; Rise       ; i_clk           ;
;  i_io_sw[22] ; i_clk      ; -1.636 ; -1.636 ; Rise       ; i_clk           ;
;  i_io_sw[23] ; i_clk      ; -1.543 ; -1.543 ; Rise       ; i_clk           ;
;  i_io_sw[24] ; i_clk      ; -2.752 ; -2.752 ; Rise       ; i_clk           ;
;  i_io_sw[25] ; i_clk      ; -1.622 ; -1.622 ; Rise       ; i_clk           ;
;  i_io_sw[26] ; i_clk      ; -1.632 ; -1.632 ; Rise       ; i_clk           ;
;  i_io_sw[27] ; i_clk      ; -1.945 ; -1.945 ; Rise       ; i_clk           ;
;  i_io_sw[28] ; i_clk      ; -1.485 ; -1.485 ; Rise       ; i_clk           ;
;  i_io_sw[29] ; i_clk      ; -2.409 ; -2.409 ; Rise       ; i_clk           ;
;  i_io_sw[30] ; i_clk      ; -1.505 ; -1.505 ; Rise       ; i_clk           ;
;  i_io_sw[31] ; i_clk      ; -1.918 ; -1.918 ; Rise       ; i_clk           ;
; i_reset      ; i_clk      ; -0.709 ; -0.709 ; Rise       ; i_clk           ;
+--------------+------------+--------+--------+------------+-----------------+


+-------------------------------------------------------------------------------+
; Clock to Output Times                                                         ;
+-----------------+------------+--------+--------+------------+-----------------+
; Data Port       ; Clock Port ; Rise   ; Fall   ; Clock Edge ; Clock Reference ;
+-----------------+------------+--------+--------+------------+-----------------+
; o_inst_vld      ; i_clk      ; 15.682 ; 15.682 ; Rise       ; i_clk           ;
; o_io_hex0[*]    ; i_clk      ; 12.156 ; 12.156 ; Rise       ; i_clk           ;
;  o_io_hex0[0]   ; i_clk      ; 6.927  ; 6.927  ; Rise       ; i_clk           ;
;  o_io_hex0[1]   ; i_clk      ; 10.690 ; 10.690 ; Rise       ; i_clk           ;
;  o_io_hex0[2]   ; i_clk      ; 9.387  ; 9.387  ; Rise       ; i_clk           ;
;  o_io_hex0[3]   ; i_clk      ; 8.987  ; 8.987  ; Rise       ; i_clk           ;
;  o_io_hex0[4]   ; i_clk      ; 9.123  ; 9.123  ; Rise       ; i_clk           ;
;  o_io_hex0[5]   ; i_clk      ; 12.156 ; 12.156 ; Rise       ; i_clk           ;
;  o_io_hex0[6]   ; i_clk      ; 12.141 ; 12.141 ; Rise       ; i_clk           ;
; o_io_hex1[*]    ; i_clk      ; 13.355 ; 13.355 ; Rise       ; i_clk           ;
;  o_io_hex1[0]   ; i_clk      ; 10.172 ; 10.172 ; Rise       ; i_clk           ;
;  o_io_hex1[1]   ; i_clk      ; 12.347 ; 12.347 ; Rise       ; i_clk           ;
;  o_io_hex1[2]   ; i_clk      ; 13.279 ; 13.279 ; Rise       ; i_clk           ;
;  o_io_hex1[3]   ; i_clk      ; 10.514 ; 10.514 ; Rise       ; i_clk           ;
;  o_io_hex1[4]   ; i_clk      ; 11.842 ; 11.842 ; Rise       ; i_clk           ;
;  o_io_hex1[5]   ; i_clk      ; 13.355 ; 13.355 ; Rise       ; i_clk           ;
;  o_io_hex1[6]   ; i_clk      ; 12.476 ; 12.476 ; Rise       ; i_clk           ;
; o_io_hex2[*]    ; i_clk      ; 13.917 ; 13.917 ; Rise       ; i_clk           ;
;  o_io_hex2[0]   ; i_clk      ; 12.872 ; 12.872 ; Rise       ; i_clk           ;
;  o_io_hex2[1]   ; i_clk      ; 10.727 ; 10.727 ; Rise       ; i_clk           ;
;  o_io_hex2[2]   ; i_clk      ; 8.800  ; 8.800  ; Rise       ; i_clk           ;
;  o_io_hex2[3]   ; i_clk      ; 12.221 ; 12.221 ; Rise       ; i_clk           ;
;  o_io_hex2[4]   ; i_clk      ; 13.917 ; 13.917 ; Rise       ; i_clk           ;
;  o_io_hex2[5]   ; i_clk      ; 9.531  ; 9.531  ; Rise       ; i_clk           ;
;  o_io_hex2[6]   ; i_clk      ; 12.941 ; 12.941 ; Rise       ; i_clk           ;
; o_io_hex3[*]    ; i_clk      ; 13.269 ; 13.269 ; Rise       ; i_clk           ;
;  o_io_hex3[0]   ; i_clk      ; 13.269 ; 13.269 ; Rise       ; i_clk           ;
;  o_io_hex3[1]   ; i_clk      ; 11.998 ; 11.998 ; Rise       ; i_clk           ;
;  o_io_hex3[2]   ; i_clk      ; 11.933 ; 11.933 ; Rise       ; i_clk           ;
;  o_io_hex3[3]   ; i_clk      ; 12.164 ; 12.164 ; Rise       ; i_clk           ;
;  o_io_hex3[4]   ; i_clk      ; 10.791 ; 10.791 ; Rise       ; i_clk           ;
;  o_io_hex3[5]   ; i_clk      ; 12.485 ; 12.485 ; Rise       ; i_clk           ;
;  o_io_hex3[6]   ; i_clk      ; 10.310 ; 10.310 ; Rise       ; i_clk           ;
; o_io_hex4[*]    ; i_clk      ; 12.532 ; 12.532 ; Rise       ; i_clk           ;
;  o_io_hex4[0]   ; i_clk      ; 10.660 ; 10.660 ; Rise       ; i_clk           ;
;  o_io_hex4[1]   ; i_clk      ; 11.890 ; 11.890 ; Rise       ; i_clk           ;
;  o_io_hex4[2]   ; i_clk      ; 11.400 ; 11.400 ; Rise       ; i_clk           ;
;  o_io_hex4[3]   ; i_clk      ; 12.532 ; 12.532 ; Rise       ; i_clk           ;
;  o_io_hex4[4]   ; i_clk      ; 11.233 ; 11.233 ; Rise       ; i_clk           ;
;  o_io_hex4[5]   ; i_clk      ; 12.055 ; 12.055 ; Rise       ; i_clk           ;
;  o_io_hex4[6]   ; i_clk      ; 11.371 ; 11.371 ; Rise       ; i_clk           ;
; o_io_hex5[*]    ; i_clk      ; 13.079 ; 13.079 ; Rise       ; i_clk           ;
;  o_io_hex5[0]   ; i_clk      ; 11.731 ; 11.731 ; Rise       ; i_clk           ;
;  o_io_hex5[1]   ; i_clk      ; 12.131 ; 12.131 ; Rise       ; i_clk           ;
;  o_io_hex5[2]   ; i_clk      ; 13.079 ; 13.079 ; Rise       ; i_clk           ;
;  o_io_hex5[3]   ; i_clk      ; 10.649 ; 10.649 ; Rise       ; i_clk           ;
;  o_io_hex5[4]   ; i_clk      ; 10.095 ; 10.095 ; Rise       ; i_clk           ;
;  o_io_hex5[5]   ; i_clk      ; 10.935 ; 10.935 ; Rise       ; i_clk           ;
;  o_io_hex5[6]   ; i_clk      ; 10.826 ; 10.826 ; Rise       ; i_clk           ;
; o_io_hex6[*]    ; i_clk      ; 11.967 ; 11.967 ; Rise       ; i_clk           ;
;  o_io_hex6[0]   ; i_clk      ; 11.128 ; 11.128 ; Rise       ; i_clk           ;
;  o_io_hex6[1]   ; i_clk      ; 11.542 ; 11.542 ; Rise       ; i_clk           ;
;  o_io_hex6[2]   ; i_clk      ; 9.148  ; 9.148  ; Rise       ; i_clk           ;
;  o_io_hex6[3]   ; i_clk      ; 9.885  ; 9.885  ; Rise       ; i_clk           ;
;  o_io_hex6[4]   ; i_clk      ; 9.130  ; 9.130  ; Rise       ; i_clk           ;
;  o_io_hex6[5]   ; i_clk      ; 10.481 ; 10.481 ; Rise       ; i_clk           ;
;  o_io_hex6[6]   ; i_clk      ; 11.967 ; 11.967 ; Rise       ; i_clk           ;
; o_io_hex7[*]    ; i_clk      ; 14.733 ; 14.733 ; Rise       ; i_clk           ;
;  o_io_hex7[0]   ; i_clk      ; 14.733 ; 14.733 ; Rise       ; i_clk           ;
;  o_io_hex7[1]   ; i_clk      ; 10.578 ; 10.578 ; Rise       ; i_clk           ;
;  o_io_hex7[2]   ; i_clk      ; 8.109  ; 8.109  ; Rise       ; i_clk           ;
;  o_io_hex7[3]   ; i_clk      ; 9.079  ; 9.079  ; Rise       ; i_clk           ;
;  o_io_hex7[4]   ; i_clk      ; 9.123  ; 9.123  ; Rise       ; i_clk           ;
;  o_io_hex7[5]   ; i_clk      ; 10.837 ; 10.837 ; Rise       ; i_clk           ;
;  o_io_hex7[6]   ; i_clk      ; 11.303 ; 11.303 ; Rise       ; i_clk           ;
; o_io_lcd[*]     ; i_clk      ; 14.055 ; 14.055 ; Rise       ; i_clk           ;
;  o_io_lcd[0]    ; i_clk      ; 11.515 ; 11.515 ; Rise       ; i_clk           ;
;  o_io_lcd[1]    ; i_clk      ; 14.055 ; 14.055 ; Rise       ; i_clk           ;
;  o_io_lcd[2]    ; i_clk      ; 9.658  ; 9.658  ; Rise       ; i_clk           ;
;  o_io_lcd[3]    ; i_clk      ; 8.900  ; 8.900  ; Rise       ; i_clk           ;
;  o_io_lcd[4]    ; i_clk      ; 9.787  ; 9.787  ; Rise       ; i_clk           ;
;  o_io_lcd[5]    ; i_clk      ; 8.212  ; 8.212  ; Rise       ; i_clk           ;
;  o_io_lcd[6]    ; i_clk      ; 9.918  ; 9.918  ; Rise       ; i_clk           ;
;  o_io_lcd[7]    ; i_clk      ; 9.824  ; 9.824  ; Rise       ; i_clk           ;
;  o_io_lcd[8]    ; i_clk      ; 9.930  ; 9.930  ; Rise       ; i_clk           ;
;  o_io_lcd[9]    ; i_clk      ; 11.961 ; 11.961 ; Rise       ; i_clk           ;
;  o_io_lcd[10]   ; i_clk      ; 9.400  ; 9.400  ; Rise       ; i_clk           ;
;  o_io_lcd[11]   ; i_clk      ; 9.507  ; 9.507  ; Rise       ; i_clk           ;
;  o_io_lcd[12]   ; i_clk      ; 6.937  ; 6.937  ; Rise       ; i_clk           ;
;  o_io_lcd[13]   ; i_clk      ; 6.804  ; 6.804  ; Rise       ; i_clk           ;
;  o_io_lcd[14]   ; i_clk      ; 7.460  ; 7.460  ; Rise       ; i_clk           ;
;  o_io_lcd[15]   ; i_clk      ; 7.547  ; 7.547  ; Rise       ; i_clk           ;
;  o_io_lcd[16]   ; i_clk      ; 7.336  ; 7.336  ; Rise       ; i_clk           ;
;  o_io_lcd[17]   ; i_clk      ; 7.833  ; 7.833  ; Rise       ; i_clk           ;
;  o_io_lcd[18]   ; i_clk      ; 7.384  ; 7.384  ; Rise       ; i_clk           ;
;  o_io_lcd[19]   ; i_clk      ; 11.174 ; 11.174 ; Rise       ; i_clk           ;
;  o_io_lcd[20]   ; i_clk      ; 9.153  ; 9.153  ; Rise       ; i_clk           ;
;  o_io_lcd[21]   ; i_clk      ; 8.303  ; 8.303  ; Rise       ; i_clk           ;
;  o_io_lcd[22]   ; i_clk      ; 8.974  ; 8.974  ; Rise       ; i_clk           ;
;  o_io_lcd[23]   ; i_clk      ; 8.555  ; 8.555  ; Rise       ; i_clk           ;
;  o_io_lcd[24]   ; i_clk      ; 8.599  ; 8.599  ; Rise       ; i_clk           ;
;  o_io_lcd[25]   ; i_clk      ; 7.310  ; 7.310  ; Rise       ; i_clk           ;
;  o_io_lcd[26]   ; i_clk      ; 8.651  ; 8.651  ; Rise       ; i_clk           ;
;  o_io_lcd[27]   ; i_clk      ; 7.705  ; 7.705  ; Rise       ; i_clk           ;
;  o_io_lcd[28]   ; i_clk      ; 7.641  ; 7.641  ; Rise       ; i_clk           ;
;  o_io_lcd[29]   ; i_clk      ; 7.540  ; 7.540  ; Rise       ; i_clk           ;
;  o_io_lcd[30]   ; i_clk      ; 9.977  ; 9.977  ; Rise       ; i_clk           ;
;  o_io_lcd[31]   ; i_clk      ; 9.970  ; 9.970  ; Rise       ; i_clk           ;
; o_io_ledg[*]    ; i_clk      ; 13.311 ; 13.311 ; Rise       ; i_clk           ;
;  o_io_ledg[0]   ; i_clk      ; 11.087 ; 11.087 ; Rise       ; i_clk           ;
;  o_io_ledg[1]   ; i_clk      ; 10.607 ; 10.607 ; Rise       ; i_clk           ;
;  o_io_ledg[2]   ; i_clk      ; 11.875 ; 11.875 ; Rise       ; i_clk           ;
;  o_io_ledg[3]   ; i_clk      ; 9.541  ; 9.541  ; Rise       ; i_clk           ;
;  o_io_ledg[4]   ; i_clk      ; 12.910 ; 12.910 ; Rise       ; i_clk           ;
;  o_io_ledg[5]   ; i_clk      ; 10.660 ; 10.660 ; Rise       ; i_clk           ;
;  o_io_ledg[6]   ; i_clk      ; 13.311 ; 13.311 ; Rise       ; i_clk           ;
;  o_io_ledg[7]   ; i_clk      ; 10.085 ; 10.085 ; Rise       ; i_clk           ;
;  o_io_ledg[8]   ; i_clk      ; 9.619  ; 9.619  ; Rise       ; i_clk           ;
;  o_io_ledg[9]   ; i_clk      ; 9.358  ; 9.358  ; Rise       ; i_clk           ;
;  o_io_ledg[10]  ; i_clk      ; 7.774  ; 7.774  ; Rise       ; i_clk           ;
;  o_io_ledg[11]  ; i_clk      ; 8.125  ; 8.125  ; Rise       ; i_clk           ;
;  o_io_ledg[12]  ; i_clk      ; 7.322  ; 7.322  ; Rise       ; i_clk           ;
;  o_io_ledg[13]  ; i_clk      ; 6.348  ; 6.348  ; Rise       ; i_clk           ;
;  o_io_ledg[14]  ; i_clk      ; 8.520  ; 8.520  ; Rise       ; i_clk           ;
;  o_io_ledg[15]  ; i_clk      ; 10.013 ; 10.013 ; Rise       ; i_clk           ;
;  o_io_ledg[16]  ; i_clk      ; 7.940  ; 7.940  ; Rise       ; i_clk           ;
;  o_io_ledg[17]  ; i_clk      ; 7.672  ; 7.672  ; Rise       ; i_clk           ;
;  o_io_ledg[18]  ; i_clk      ; 6.520  ; 6.520  ; Rise       ; i_clk           ;
;  o_io_ledg[19]  ; i_clk      ; 7.099  ; 7.099  ; Rise       ; i_clk           ;
;  o_io_ledg[20]  ; i_clk      ; 6.422  ; 6.422  ; Rise       ; i_clk           ;
;  o_io_ledg[21]  ; i_clk      ; 7.351  ; 7.351  ; Rise       ; i_clk           ;
;  o_io_ledg[22]  ; i_clk      ; 7.510  ; 7.510  ; Rise       ; i_clk           ;
;  o_io_ledg[23]  ; i_clk      ; 6.731  ; 6.731  ; Rise       ; i_clk           ;
;  o_io_ledg[24]  ; i_clk      ; 9.256  ; 9.256  ; Rise       ; i_clk           ;
;  o_io_ledg[25]  ; i_clk      ; 6.811  ; 6.811  ; Rise       ; i_clk           ;
;  o_io_ledg[26]  ; i_clk      ; 7.698  ; 7.698  ; Rise       ; i_clk           ;
;  o_io_ledg[27]  ; i_clk      ; 6.922  ; 6.922  ; Rise       ; i_clk           ;
;  o_io_ledg[28]  ; i_clk      ; 7.099  ; 7.099  ; Rise       ; i_clk           ;
;  o_io_ledg[29]  ; i_clk      ; 9.127  ; 9.127  ; Rise       ; i_clk           ;
;  o_io_ledg[30]  ; i_clk      ; 8.359  ; 8.359  ; Rise       ; i_clk           ;
;  o_io_ledg[31]  ; i_clk      ; 7.536  ; 7.536  ; Rise       ; i_clk           ;
; o_io_ledr[*]    ; i_clk      ; 13.302 ; 13.302 ; Rise       ; i_clk           ;
;  o_io_ledr[0]   ; i_clk      ; 10.860 ; 10.860 ; Rise       ; i_clk           ;
;  o_io_ledr[1]   ; i_clk      ; 12.451 ; 12.451 ; Rise       ; i_clk           ;
;  o_io_ledr[2]   ; i_clk      ; 11.236 ; 11.236 ; Rise       ; i_clk           ;
;  o_io_ledr[3]   ; i_clk      ; 9.613  ; 9.613  ; Rise       ; i_clk           ;
;  o_io_ledr[4]   ; i_clk      ; 11.561 ; 11.561 ; Rise       ; i_clk           ;
;  o_io_ledr[5]   ; i_clk      ; 12.770 ; 12.770 ; Rise       ; i_clk           ;
;  o_io_ledr[6]   ; i_clk      ; 13.302 ; 13.302 ; Rise       ; i_clk           ;
;  o_io_ledr[7]   ; i_clk      ; 11.529 ; 11.529 ; Rise       ; i_clk           ;
;  o_io_ledr[8]   ; i_clk      ; 7.270  ; 7.270  ; Rise       ; i_clk           ;
;  o_io_ledr[9]   ; i_clk      ; 10.353 ; 10.353 ; Rise       ; i_clk           ;
;  o_io_ledr[10]  ; i_clk      ; 10.188 ; 10.188 ; Rise       ; i_clk           ;
;  o_io_ledr[11]  ; i_clk      ; 9.183  ; 9.183  ; Rise       ; i_clk           ;
;  o_io_ledr[12]  ; i_clk      ; 13.256 ; 13.256 ; Rise       ; i_clk           ;
;  o_io_ledr[13]  ; i_clk      ; 11.051 ; 11.051 ; Rise       ; i_clk           ;
;  o_io_ledr[14]  ; i_clk      ; 8.668  ; 8.668  ; Rise       ; i_clk           ;
;  o_io_ledr[15]  ; i_clk      ; 9.698  ; 9.698  ; Rise       ; i_clk           ;
;  o_io_ledr[16]  ; i_clk      ; 9.316  ; 9.316  ; Rise       ; i_clk           ;
;  o_io_ledr[17]  ; i_clk      ; 9.302  ; 9.302  ; Rise       ; i_clk           ;
;  o_io_ledr[18]  ; i_clk      ; 10.088 ; 10.088 ; Rise       ; i_clk           ;
;  o_io_ledr[19]  ; i_clk      ; 7.008  ; 7.008  ; Rise       ; i_clk           ;
;  o_io_ledr[20]  ; i_clk      ; 6.873  ; 6.873  ; Rise       ; i_clk           ;
;  o_io_ledr[21]  ; i_clk      ; 7.523  ; 7.523  ; Rise       ; i_clk           ;
;  o_io_ledr[22]  ; i_clk      ; 6.660  ; 6.660  ; Rise       ; i_clk           ;
;  o_io_ledr[23]  ; i_clk      ; 7.601  ; 7.601  ; Rise       ; i_clk           ;
;  o_io_ledr[24]  ; i_clk      ; 9.664  ; 9.664  ; Rise       ; i_clk           ;
;  o_io_ledr[25]  ; i_clk      ; 7.873  ; 7.873  ; Rise       ; i_clk           ;
;  o_io_ledr[26]  ; i_clk      ; 11.965 ; 11.965 ; Rise       ; i_clk           ;
;  o_io_ledr[27]  ; i_clk      ; 9.149  ; 9.149  ; Rise       ; i_clk           ;
;  o_io_ledr[28]  ; i_clk      ; 8.255  ; 8.255  ; Rise       ; i_clk           ;
;  o_io_ledr[29]  ; i_clk      ; 6.636  ; 6.636  ; Rise       ; i_clk           ;
;  o_io_ledr[30]  ; i_clk      ; 6.365  ; 6.365  ; Rise       ; i_clk           ;
;  o_io_ledr[31]  ; i_clk      ; 9.460  ; 9.460  ; Rise       ; i_clk           ;
; o_pc_debug[*]   ; i_clk      ; 10.490 ; 10.490 ; Rise       ; i_clk           ;
;  o_pc_debug[0]  ; i_clk      ; 10.490 ; 10.490 ; Rise       ; i_clk           ;
;  o_pc_debug[1]  ; i_clk      ; 8.897  ; 8.897  ; Rise       ; i_clk           ;
;  o_pc_debug[2]  ; i_clk      ; 8.832  ; 8.832  ; Rise       ; i_clk           ;
;  o_pc_debug[3]  ; i_clk      ; 7.099  ; 7.099  ; Rise       ; i_clk           ;
;  o_pc_debug[4]  ; i_clk      ; 6.862  ; 6.862  ; Rise       ; i_clk           ;
;  o_pc_debug[5]  ; i_clk      ; 6.890  ; 6.890  ; Rise       ; i_clk           ;
;  o_pc_debug[6]  ; i_clk      ; 7.324  ; 7.324  ; Rise       ; i_clk           ;
;  o_pc_debug[7]  ; i_clk      ; 6.385  ; 6.385  ; Rise       ; i_clk           ;
;  o_pc_debug[8]  ; i_clk      ; 6.399  ; 6.399  ; Rise       ; i_clk           ;
;  o_pc_debug[9]  ; i_clk      ; 6.865  ; 6.865  ; Rise       ; i_clk           ;
;  o_pc_debug[10] ; i_clk      ; 6.868  ; 6.868  ; Rise       ; i_clk           ;
;  o_pc_debug[11] ; i_clk      ; 6.679  ; 6.679  ; Rise       ; i_clk           ;
;  o_pc_debug[12] ; i_clk      ; 6.019  ; 6.019  ; Rise       ; i_clk           ;
;  o_pc_debug[13] ; i_clk      ; 6.648  ; 6.648  ; Rise       ; i_clk           ;
;  o_pc_debug[14] ; i_clk      ; 7.894  ; 7.894  ; Rise       ; i_clk           ;
;  o_pc_debug[15] ; i_clk      ; 7.354  ; 7.354  ; Rise       ; i_clk           ;
;  o_pc_debug[16] ; i_clk      ; 7.357  ; 7.357  ; Rise       ; i_clk           ;
;  o_pc_debug[17] ; i_clk      ; 7.185  ; 7.185  ; Rise       ; i_clk           ;
;  o_pc_debug[18] ; i_clk      ; 7.187  ; 7.187  ; Rise       ; i_clk           ;
;  o_pc_debug[19] ; i_clk      ; 7.046  ; 7.046  ; Rise       ; i_clk           ;
;  o_pc_debug[20] ; i_clk      ; 8.292  ; 8.292  ; Rise       ; i_clk           ;
;  o_pc_debug[21] ; i_clk      ; 7.650  ; 7.650  ; Rise       ; i_clk           ;
;  o_pc_debug[22] ; i_clk      ; 9.101  ; 9.101  ; Rise       ; i_clk           ;
;  o_pc_debug[23] ; i_clk      ; 7.376  ; 7.376  ; Rise       ; i_clk           ;
;  o_pc_debug[24] ; i_clk      ; 8.894  ; 8.894  ; Rise       ; i_clk           ;
;  o_pc_debug[25] ; i_clk      ; 7.560  ; 7.560  ; Rise       ; i_clk           ;
;  o_pc_debug[26] ; i_clk      ; 7.234  ; 7.234  ; Rise       ; i_clk           ;
;  o_pc_debug[27] ; i_clk      ; 9.933  ; 9.933  ; Rise       ; i_clk           ;
;  o_pc_debug[28] ; i_clk      ; 6.874  ; 6.874  ; Rise       ; i_clk           ;
;  o_pc_debug[29] ; i_clk      ; 9.143  ; 9.143  ; Rise       ; i_clk           ;
;  o_pc_debug[30] ; i_clk      ; 8.037  ; 8.037  ; Rise       ; i_clk           ;
;  o_pc_debug[31] ; i_clk      ; 8.588  ; 8.588  ; Rise       ; i_clk           ;
; o_inst_vld      ; i_reset    ; 19.982 ; 19.982 ; Rise       ; i_reset         ;
; o_inst_vld      ; i_reset    ; 19.982 ; 19.982 ; Fall       ; i_reset         ;
+-----------------+------------+--------+--------+------------+-----------------+


+-------------------------------------------------------------------------------+
; Minimum Clock to Output Times                                                 ;
+-----------------+------------+--------+--------+------------+-----------------+
; Data Port       ; Clock Port ; Rise   ; Fall   ; Clock Edge ; Clock Reference ;
+-----------------+------------+--------+--------+------------+-----------------+
; o_inst_vld      ; i_clk      ; 6.625  ; 6.625  ; Rise       ; i_clk           ;
; o_io_hex0[*]    ; i_clk      ; 3.895  ; 3.895  ; Rise       ; i_clk           ;
;  o_io_hex0[0]   ; i_clk      ; 3.895  ; 3.895  ; Rise       ; i_clk           ;
;  o_io_hex0[1]   ; i_clk      ; 5.669  ; 5.669  ; Rise       ; i_clk           ;
;  o_io_hex0[2]   ; i_clk      ; 5.069  ; 5.069  ; Rise       ; i_clk           ;
;  o_io_hex0[3]   ; i_clk      ; 4.879  ; 4.879  ; Rise       ; i_clk           ;
;  o_io_hex0[4]   ; i_clk      ; 4.932  ; 4.932  ; Rise       ; i_clk           ;
;  o_io_hex0[5]   ; i_clk      ; 6.411  ; 6.411  ; Rise       ; i_clk           ;
;  o_io_hex0[6]   ; i_clk      ; 6.403  ; 6.403  ; Rise       ; i_clk           ;
; o_io_hex1[*]    ; i_clk      ; 5.393  ; 5.393  ; Rise       ; i_clk           ;
;  o_io_hex1[0]   ; i_clk      ; 5.393  ; 5.393  ; Rise       ; i_clk           ;
;  o_io_hex1[1]   ; i_clk      ; 6.410  ; 6.410  ; Rise       ; i_clk           ;
;  o_io_hex1[2]   ; i_clk      ; 6.818  ; 6.818  ; Rise       ; i_clk           ;
;  o_io_hex1[3]   ; i_clk      ; 5.557  ; 5.557  ; Rise       ; i_clk           ;
;  o_io_hex1[4]   ; i_clk      ; 6.139  ; 6.139  ; Rise       ; i_clk           ;
;  o_io_hex1[5]   ; i_clk      ; 6.892  ; 6.892  ; Rise       ; i_clk           ;
;  o_io_hex1[6]   ; i_clk      ; 6.506  ; 6.506  ; Rise       ; i_clk           ;
; o_io_hex2[*]    ; i_clk      ; 4.807  ; 4.807  ; Rise       ; i_clk           ;
;  o_io_hex2[0]   ; i_clk      ; 6.676  ; 6.676  ; Rise       ; i_clk           ;
;  o_io_hex2[1]   ; i_clk      ; 5.643  ; 5.643  ; Rise       ; i_clk           ;
;  o_io_hex2[2]   ; i_clk      ; 4.807  ; 4.807  ; Rise       ; i_clk           ;
;  o_io_hex2[3]   ; i_clk      ; 6.360  ; 6.360  ; Rise       ; i_clk           ;
;  o_io_hex2[4]   ; i_clk      ; 7.146  ; 7.146  ; Rise       ; i_clk           ;
;  o_io_hex2[5]   ; i_clk      ; 5.152  ; 5.152  ; Rise       ; i_clk           ;
;  o_io_hex2[6]   ; i_clk      ; 6.652  ; 6.652  ; Rise       ; i_clk           ;
; o_io_hex3[*]    ; i_clk      ; 5.421  ; 5.421  ; Rise       ; i_clk           ;
;  o_io_hex3[0]   ; i_clk      ; 6.771  ; 6.771  ; Rise       ; i_clk           ;
;  o_io_hex3[1]   ; i_clk      ; 6.182  ; 6.182  ; Rise       ; i_clk           ;
;  o_io_hex3[2]   ; i_clk      ; 6.227  ; 6.227  ; Rise       ; i_clk           ;
;  o_io_hex3[3]   ; i_clk      ; 6.301  ; 6.301  ; Rise       ; i_clk           ;
;  o_io_hex3[4]   ; i_clk      ; 5.696  ; 5.696  ; Rise       ; i_clk           ;
;  o_io_hex3[5]   ; i_clk      ; 6.475  ; 6.475  ; Rise       ; i_clk           ;
;  o_io_hex3[6]   ; i_clk      ; 5.421  ; 5.421  ; Rise       ; i_clk           ;
; o_io_hex4[*]    ; i_clk      ; 5.691  ; 5.691  ; Rise       ; i_clk           ;
;  o_io_hex4[0]   ; i_clk      ; 5.691  ; 5.691  ; Rise       ; i_clk           ;
;  o_io_hex4[1]   ; i_clk      ; 6.218  ; 6.218  ; Rise       ; i_clk           ;
;  o_io_hex4[2]   ; i_clk      ; 6.012  ; 6.012  ; Rise       ; i_clk           ;
;  o_io_hex4[3]   ; i_clk      ; 6.502  ; 6.502  ; Rise       ; i_clk           ;
;  o_io_hex4[4]   ; i_clk      ; 5.955  ; 5.955  ; Rise       ; i_clk           ;
;  o_io_hex4[5]   ; i_clk      ; 6.303  ; 6.303  ; Rise       ; i_clk           ;
;  o_io_hex4[6]   ; i_clk      ; 5.980  ; 5.980  ; Rise       ; i_clk           ;
; o_io_hex5[*]    ; i_clk      ; 5.346  ; 5.346  ; Rise       ; i_clk           ;
;  o_io_hex5[0]   ; i_clk      ; 6.132  ; 6.132  ; Rise       ; i_clk           ;
;  o_io_hex5[1]   ; i_clk      ; 6.418  ; 6.418  ; Rise       ; i_clk           ;
;  o_io_hex5[2]   ; i_clk      ; 6.737  ; 6.737  ; Rise       ; i_clk           ;
;  o_io_hex5[3]   ; i_clk      ; 5.711  ; 5.711  ; Rise       ; i_clk           ;
;  o_io_hex5[4]   ; i_clk      ; 5.346  ; 5.346  ; Rise       ; i_clk           ;
;  o_io_hex5[5]   ; i_clk      ; 5.777  ; 5.777  ; Rise       ; i_clk           ;
;  o_io_hex5[6]   ; i_clk      ; 5.747  ; 5.747  ; Rise       ; i_clk           ;
; o_io_hex6[*]    ; i_clk      ; 4.893  ; 4.893  ; Rise       ; i_clk           ;
;  o_io_hex6[0]   ; i_clk      ; 5.823  ; 5.823  ; Rise       ; i_clk           ;
;  o_io_hex6[1]   ; i_clk      ; 6.000  ; 6.000  ; Rise       ; i_clk           ;
;  o_io_hex6[2]   ; i_clk      ; 4.949  ; 4.949  ; Rise       ; i_clk           ;
;  o_io_hex6[3]   ; i_clk      ; 5.249  ; 5.249  ; Rise       ; i_clk           ;
;  o_io_hex6[4]   ; i_clk      ; 4.893  ; 4.893  ; Rise       ; i_clk           ;
;  o_io_hex6[5]   ; i_clk      ; 5.475  ; 5.475  ; Rise       ; i_clk           ;
;  o_io_hex6[6]   ; i_clk      ; 6.198  ; 6.198  ; Rise       ; i_clk           ;
; o_io_hex7[*]    ; i_clk      ; 4.420  ; 4.420  ; Rise       ; i_clk           ;
;  o_io_hex7[0]   ; i_clk      ; 7.463  ; 7.463  ; Rise       ; i_clk           ;
;  o_io_hex7[1]   ; i_clk      ; 5.609  ; 5.609  ; Rise       ; i_clk           ;
;  o_io_hex7[2]   ; i_clk      ; 4.420  ; 4.420  ; Rise       ; i_clk           ;
;  o_io_hex7[3]   ; i_clk      ; 4.879  ; 4.879  ; Rise       ; i_clk           ;
;  o_io_hex7[4]   ; i_clk      ; 4.853  ; 4.853  ; Rise       ; i_clk           ;
;  o_io_hex7[5]   ; i_clk      ; 5.731  ; 5.731  ; Rise       ; i_clk           ;
;  o_io_hex7[6]   ; i_clk      ; 5.931  ; 5.931  ; Rise       ; i_clk           ;
; o_io_lcd[*]     ; i_clk      ; 3.817  ; 3.817  ; Rise       ; i_clk           ;
;  o_io_lcd[0]    ; i_clk      ; 5.984  ; 5.984  ; Rise       ; i_clk           ;
;  o_io_lcd[1]    ; i_clk      ; 7.165  ; 7.165  ; Rise       ; i_clk           ;
;  o_io_lcd[2]    ; i_clk      ; 5.170  ; 5.170  ; Rise       ; i_clk           ;
;  o_io_lcd[3]    ; i_clk      ; 4.774  ; 4.774  ; Rise       ; i_clk           ;
;  o_io_lcd[4]    ; i_clk      ; 5.250  ; 5.250  ; Rise       ; i_clk           ;
;  o_io_lcd[5]    ; i_clk      ; 4.464  ; 4.464  ; Rise       ; i_clk           ;
;  o_io_lcd[6]    ; i_clk      ; 5.236  ; 5.236  ; Rise       ; i_clk           ;
;  o_io_lcd[7]    ; i_clk      ; 5.233  ; 5.233  ; Rise       ; i_clk           ;
;  o_io_lcd[8]    ; i_clk      ; 5.335  ; 5.335  ; Rise       ; i_clk           ;
;  o_io_lcd[9]    ; i_clk      ; 6.216  ; 6.216  ; Rise       ; i_clk           ;
;  o_io_lcd[10]   ; i_clk      ; 5.023  ; 5.023  ; Rise       ; i_clk           ;
;  o_io_lcd[11]   ; i_clk      ; 5.127  ; 5.127  ; Rise       ; i_clk           ;
;  o_io_lcd[12]   ; i_clk      ; 3.869  ; 3.869  ; Rise       ; i_clk           ;
;  o_io_lcd[13]   ; i_clk      ; 3.817  ; 3.817  ; Rise       ; i_clk           ;
;  o_io_lcd[14]   ; i_clk      ; 4.163  ; 4.163  ; Rise       ; i_clk           ;
;  o_io_lcd[15]   ; i_clk      ; 4.152  ; 4.152  ; Rise       ; i_clk           ;
;  o_io_lcd[16]   ; i_clk      ; 4.072  ; 4.072  ; Rise       ; i_clk           ;
;  o_io_lcd[17]   ; i_clk      ; 4.295  ; 4.295  ; Rise       ; i_clk           ;
;  o_io_lcd[18]   ; i_clk      ; 4.084  ; 4.084  ; Rise       ; i_clk           ;
;  o_io_lcd[19]   ; i_clk      ; 5.878  ; 5.878  ; Rise       ; i_clk           ;
;  o_io_lcd[20]   ; i_clk      ; 4.964  ; 4.964  ; Rise       ; i_clk           ;
;  o_io_lcd[21]   ; i_clk      ; 4.546  ; 4.546  ; Rise       ; i_clk           ;
;  o_io_lcd[22]   ; i_clk      ; 4.864  ; 4.864  ; Rise       ; i_clk           ;
;  o_io_lcd[23]   ; i_clk      ; 4.655  ; 4.655  ; Rise       ; i_clk           ;
;  o_io_lcd[24]   ; i_clk      ; 4.713  ; 4.713  ; Rise       ; i_clk           ;
;  o_io_lcd[25]   ; i_clk      ; 4.040  ; 4.040  ; Rise       ; i_clk           ;
;  o_io_lcd[26]   ; i_clk      ; 4.738  ; 4.738  ; Rise       ; i_clk           ;
;  o_io_lcd[27]   ; i_clk      ; 4.270  ; 4.270  ; Rise       ; i_clk           ;
;  o_io_lcd[28]   ; i_clk      ; 4.199  ; 4.199  ; Rise       ; i_clk           ;
;  o_io_lcd[29]   ; i_clk      ; 4.239  ; 4.239  ; Rise       ; i_clk           ;
;  o_io_lcd[30]   ; i_clk      ; 5.274  ; 5.274  ; Rise       ; i_clk           ;
;  o_io_lcd[31]   ; i_clk      ; 5.266  ; 5.266  ; Rise       ; i_clk           ;
; o_io_ledg[*]    ; i_clk      ; 3.628  ; 3.628  ; Rise       ; i_clk           ;
;  o_io_ledg[0]   ; i_clk      ; 5.819  ; 5.819  ; Rise       ; i_clk           ;
;  o_io_ledg[1]   ; i_clk      ; 5.615  ; 5.615  ; Rise       ; i_clk           ;
;  o_io_ledg[2]   ; i_clk      ; 6.270  ; 6.270  ; Rise       ; i_clk           ;
;  o_io_ledg[3]   ; i_clk      ; 5.101  ; 5.101  ; Rise       ; i_clk           ;
;  o_io_ledg[4]   ; i_clk      ; 6.808  ; 6.808  ; Rise       ; i_clk           ;
;  o_io_ledg[5]   ; i_clk      ; 5.699  ; 5.699  ; Rise       ; i_clk           ;
;  o_io_ledg[6]   ; i_clk      ; 6.921  ; 6.921  ; Rise       ; i_clk           ;
;  o_io_ledg[7]   ; i_clk      ; 5.404  ; 5.404  ; Rise       ; i_clk           ;
;  o_io_ledg[8]   ; i_clk      ; 5.150  ; 5.150  ; Rise       ; i_clk           ;
;  o_io_ledg[9]   ; i_clk      ; 4.917  ; 4.917  ; Rise       ; i_clk           ;
;  o_io_ledg[10]  ; i_clk      ; 4.331  ; 4.331  ; Rise       ; i_clk           ;
;  o_io_ledg[11]  ; i_clk      ; 4.480  ; 4.480  ; Rise       ; i_clk           ;
;  o_io_ledg[12]  ; i_clk      ; 4.084  ; 4.084  ; Rise       ; i_clk           ;
;  o_io_ledg[13]  ; i_clk      ; 3.628  ; 3.628  ; Rise       ; i_clk           ;
;  o_io_ledg[14]  ; i_clk      ; 4.574  ; 4.574  ; Rise       ; i_clk           ;
;  o_io_ledg[15]  ; i_clk      ; 5.302  ; 5.302  ; Rise       ; i_clk           ;
;  o_io_ledg[16]  ; i_clk      ; 4.304  ; 4.304  ; Rise       ; i_clk           ;
;  o_io_ledg[17]  ; i_clk      ; 4.172  ; 4.172  ; Rise       ; i_clk           ;
;  o_io_ledg[18]  ; i_clk      ; 3.689  ; 3.689  ; Rise       ; i_clk           ;
;  o_io_ledg[19]  ; i_clk      ; 3.973  ; 3.973  ; Rise       ; i_clk           ;
;  o_io_ledg[20]  ; i_clk      ; 3.671  ; 3.671  ; Rise       ; i_clk           ;
;  o_io_ledg[21]  ; i_clk      ; 4.113  ; 4.113  ; Rise       ; i_clk           ;
;  o_io_ledg[22]  ; i_clk      ; 4.175  ; 4.175  ; Rise       ; i_clk           ;
;  o_io_ledg[23]  ; i_clk      ; 3.814  ; 3.814  ; Rise       ; i_clk           ;
;  o_io_ledg[24]  ; i_clk      ; 4.976  ; 4.976  ; Rise       ; i_clk           ;
;  o_io_ledg[25]  ; i_clk      ; 3.835  ; 3.835  ; Rise       ; i_clk           ;
;  o_io_ledg[26]  ; i_clk      ; 4.239  ; 4.239  ; Rise       ; i_clk           ;
;  o_io_ledg[27]  ; i_clk      ; 3.885  ; 3.885  ; Rise       ; i_clk           ;
;  o_io_ledg[28]  ; i_clk      ; 3.958  ; 3.958  ; Rise       ; i_clk           ;
;  o_io_ledg[29]  ; i_clk      ; 4.973  ; 4.973  ; Rise       ; i_clk           ;
;  o_io_ledg[30]  ; i_clk      ; 4.521  ; 4.521  ; Rise       ; i_clk           ;
;  o_io_ledg[31]  ; i_clk      ; 4.145  ; 4.145  ; Rise       ; i_clk           ;
; o_io_ledr[*]    ; i_clk      ; 3.636  ; 3.636  ; Rise       ; i_clk           ;
;  o_io_ledr[0]   ; i_clk      ; 5.745  ; 5.745  ; Rise       ; i_clk           ;
;  o_io_ledr[1]   ; i_clk      ; 6.547  ; 6.547  ; Rise       ; i_clk           ;
;  o_io_ledr[2]   ; i_clk      ; 5.901  ; 5.901  ; Rise       ; i_clk           ;
;  o_io_ledr[3]   ; i_clk      ; 5.193  ; 5.193  ; Rise       ; i_clk           ;
;  o_io_ledr[4]   ; i_clk      ; 6.087  ; 6.087  ; Rise       ; i_clk           ;
;  o_io_ledr[5]   ; i_clk      ; 6.668  ; 6.668  ; Rise       ; i_clk           ;
;  o_io_ledr[6]   ; i_clk      ; 6.875  ; 6.875  ; Rise       ; i_clk           ;
;  o_io_ledr[7]   ; i_clk      ; 6.151  ; 6.151  ; Rise       ; i_clk           ;
;  o_io_ledr[8]   ; i_clk      ; 4.080  ; 4.080  ; Rise       ; i_clk           ;
;  o_io_ledr[9]   ; i_clk      ; 5.513  ; 5.513  ; Rise       ; i_clk           ;
;  o_io_ledr[10]  ; i_clk      ; 5.415  ; 5.415  ; Rise       ; i_clk           ;
;  o_io_ledr[11]  ; i_clk      ; 4.967  ; 4.967  ; Rise       ; i_clk           ;
;  o_io_ledr[12]  ; i_clk      ; 6.919  ; 6.919  ; Rise       ; i_clk           ;
;  o_io_ledr[13]  ; i_clk      ; 5.909  ; 5.909  ; Rise       ; i_clk           ;
;  o_io_ledr[14]  ; i_clk      ; 4.759  ; 4.759  ; Rise       ; i_clk           ;
;  o_io_ledr[15]  ; i_clk      ; 5.214  ; 5.214  ; Rise       ; i_clk           ;
;  o_io_ledr[16]  ; i_clk      ; 5.011  ; 5.011  ; Rise       ; i_clk           ;
;  o_io_ledr[17]  ; i_clk      ; 4.946  ; 4.946  ; Rise       ; i_clk           ;
;  o_io_ledr[18]  ; i_clk      ; 5.315  ; 5.315  ; Rise       ; i_clk           ;
;  o_io_ledr[19]  ; i_clk      ; 3.900  ; 3.900  ; Rise       ; i_clk           ;
;  o_io_ledr[20]  ; i_clk      ; 3.872  ; 3.872  ; Rise       ; i_clk           ;
;  o_io_ledr[21]  ; i_clk      ; 4.130  ; 4.130  ; Rise       ; i_clk           ;
;  o_io_ledr[22]  ; i_clk      ; 3.769  ; 3.769  ; Rise       ; i_clk           ;
;  o_io_ledr[23]  ; i_clk      ; 4.188  ; 4.188  ; Rise       ; i_clk           ;
;  o_io_ledr[24]  ; i_clk      ; 5.138  ; 5.138  ; Rise       ; i_clk           ;
;  o_io_ledr[25]  ; i_clk      ; 4.364  ; 4.364  ; Rise       ; i_clk           ;
;  o_io_ledr[26]  ; i_clk      ; 6.241  ; 6.241  ; Rise       ; i_clk           ;
;  o_io_ledr[27]  ; i_clk      ; 4.892  ; 4.892  ; Rise       ; i_clk           ;
;  o_io_ledr[28]  ; i_clk      ; 4.510  ; 4.510  ; Rise       ; i_clk           ;
;  o_io_ledr[29]  ; i_clk      ; 3.761  ; 3.761  ; Rise       ; i_clk           ;
;  o_io_ledr[30]  ; i_clk      ; 3.636  ; 3.636  ; Rise       ; i_clk           ;
;  o_io_ledr[31]  ; i_clk      ; 5.127  ; 5.127  ; Rise       ; i_clk           ;
; o_pc_debug[*]   ; i_clk      ; 3.414  ; 3.414  ; Rise       ; i_clk           ;
;  o_pc_debug[0]  ; i_clk      ; 5.548  ; 5.548  ; Rise       ; i_clk           ;
;  o_pc_debug[1]  ; i_clk      ; 4.727  ; 4.727  ; Rise       ; i_clk           ;
;  o_pc_debug[2]  ; i_clk      ; 4.773  ; 4.773  ; Rise       ; i_clk           ;
;  o_pc_debug[3]  ; i_clk      ; 3.933  ; 3.933  ; Rise       ; i_clk           ;
;  o_pc_debug[4]  ; i_clk      ; 3.877  ; 3.877  ; Rise       ; i_clk           ;
;  o_pc_debug[5]  ; i_clk      ; 3.889  ; 3.889  ; Rise       ; i_clk           ;
;  o_pc_debug[6]  ; i_clk      ; 4.041  ; 4.041  ; Rise       ; i_clk           ;
;  o_pc_debug[7]  ; i_clk      ; 3.651  ; 3.651  ; Rise       ; i_clk           ;
;  o_pc_debug[8]  ; i_clk      ; 3.655  ; 3.655  ; Rise       ; i_clk           ;
;  o_pc_debug[9]  ; i_clk      ; 3.879  ; 3.879  ; Rise       ; i_clk           ;
;  o_pc_debug[10] ; i_clk      ; 3.884  ; 3.884  ; Rise       ; i_clk           ;
;  o_pc_debug[11] ; i_clk      ; 3.800  ; 3.800  ; Rise       ; i_clk           ;
;  o_pc_debug[12] ; i_clk      ; 3.414  ; 3.414  ; Rise       ; i_clk           ;
;  o_pc_debug[13] ; i_clk      ; 3.782  ; 3.782  ; Rise       ; i_clk           ;
;  o_pc_debug[14] ; i_clk      ; 4.320  ; 4.320  ; Rise       ; i_clk           ;
;  o_pc_debug[15] ; i_clk      ; 4.077  ; 4.077  ; Rise       ; i_clk           ;
;  o_pc_debug[16] ; i_clk      ; 4.084  ; 4.084  ; Rise       ; i_clk           ;
;  o_pc_debug[17] ; i_clk      ; 3.959  ; 3.959  ; Rise       ; i_clk           ;
;  o_pc_debug[18] ; i_clk      ; 3.965  ; 3.965  ; Rise       ; i_clk           ;
;  o_pc_debug[19] ; i_clk      ; 3.898  ; 3.898  ; Rise       ; i_clk           ;
;  o_pc_debug[20] ; i_clk      ; 4.535  ; 4.535  ; Rise       ; i_clk           ;
;  o_pc_debug[21] ; i_clk      ; 4.156  ; 4.156  ; Rise       ; i_clk           ;
;  o_pc_debug[22] ; i_clk      ; 4.906  ; 4.906  ; Rise       ; i_clk           ;
;  o_pc_debug[23] ; i_clk      ; 4.069  ; 4.069  ; Rise       ; i_clk           ;
;  o_pc_debug[24] ; i_clk      ; 4.765  ; 4.765  ; Rise       ; i_clk           ;
;  o_pc_debug[25] ; i_clk      ; 4.136  ; 4.136  ; Rise       ; i_clk           ;
;  o_pc_debug[26] ; i_clk      ; 3.994  ; 3.994  ; Rise       ; i_clk           ;
;  o_pc_debug[27] ; i_clk      ; 5.266  ; 5.266  ; Rise       ; i_clk           ;
;  o_pc_debug[28] ; i_clk      ; 3.789  ; 3.789  ; Rise       ; i_clk           ;
;  o_pc_debug[29] ; i_clk      ; 4.868  ; 4.868  ; Rise       ; i_clk           ;
;  o_pc_debug[30] ; i_clk      ; 4.391  ; 4.391  ; Rise       ; i_clk           ;
;  o_pc_debug[31] ; i_clk      ; 4.606  ; 4.606  ; Rise       ; i_clk           ;
; o_inst_vld      ; i_reset    ; 10.548 ; 10.548 ; Rise       ; i_reset         ;
; o_inst_vld      ; i_reset    ; 7.228  ; 7.228  ; Fall       ; i_reset         ;
+-----------------+------------+--------+--------+------------+-----------------+


+-----------------------------------------------------------------------+
; Setup Transfers                                                       ;
+------------+----------+--------------+----------+----------+----------+
; From Clock ; To Clock ; RR Paths     ; FR Paths ; RF Paths ; FF Paths ;
+------------+----------+--------------+----------+----------+----------+
; i_clk      ; i_clk    ; > 2147483647 ; 0        ; 0        ; 0        ;
; i_reset    ; i_clk    ; 2914         ; 2915     ; 0        ; 0        ;
; i_clk      ; i_reset  ; 0            ; 0        ; 12       ; 0        ;
+------------+----------+--------------+----------+----------+----------+
Entries labeled "false path" only account for clock-to-clock false paths and not path-based false paths. As a result, actual path counts may be lower than reported.


+-----------------------------------------------------------------------+
; Hold Transfers                                                        ;
+------------+----------+--------------+----------+----------+----------+
; From Clock ; To Clock ; RR Paths     ; FR Paths ; RF Paths ; FF Paths ;
+------------+----------+--------------+----------+----------+----------+
; i_clk      ; i_clk    ; > 2147483647 ; 0        ; 0        ; 0        ;
; i_reset    ; i_clk    ; 2914         ; 2915     ; 0        ; 0        ;
; i_clk      ; i_reset  ; 0            ; 0        ; 12       ; 0        ;
+------------+----------+--------------+----------+----------+----------+
Entries labeled "false path" only account for clock-to-clock false paths and not path-based false paths. As a result, actual path counts may be lower than reported.


+-------------------------------------------------------------------+
; Recovery Transfers                                                ;
+------------+----------+----------+----------+----------+----------+
; From Clock ; To Clock ; RR Paths ; FR Paths ; RF Paths ; FF Paths ;
+------------+----------+----------+----------+----------+----------+
; i_reset    ; i_clk    ; 17601    ; 17601    ; 0        ; 0        ;
+------------+----------+----------+----------+----------+----------+
Entries labeled "false path" only account for clock-to-clock false paths and not path-based false paths. As a result, actual path counts may be lower than reported.


+-------------------------------------------------------------------+
; Removal Transfers                                                 ;
+------------+----------+----------+----------+----------+----------+
; From Clock ; To Clock ; RR Paths ; FR Paths ; RF Paths ; FF Paths ;
+------------+----------+----------+----------+----------+----------+
; i_reset    ; i_clk    ; 17601    ; 17601    ; 0        ; 0        ;
+------------+----------+----------+----------+----------+----------+
Entries labeled "false path" only account for clock-to-clock false paths and not path-based false paths. As a result, actual path counts may be lower than reported.


---------------
; Report TCCS ;
---------------
No dedicated SERDES Transmitter circuitry present in device or used in design


---------------
; Report RSKM ;
---------------
No dedicated SERDES Receiver circuitry present in device or used in design


+------------------------------------------------+
; Unconstrained Paths                            ;
+---------------------------------+-------+------+
; Property                        ; Setup ; Hold ;
+---------------------------------+-------+------+
; Illegal Clocks                  ; 0     ; 0    ;
; Unconstrained Clocks            ; 0     ; 0    ;
; Unconstrained Input Ports       ; 33    ; 33   ;
; Unconstrained Input Port Paths  ; 33    ; 33   ;
; Unconstrained Output Ports      ; 185   ; 185  ;
; Unconstrained Output Port Paths ; 199   ; 199  ;
+---------------------------------+-------+------+


+------------------------------------+
; TimeQuest Timing Analyzer Messages ;
+------------------------------------+
Info: *******************************************************************
Info: Running Quartus II 64-Bit TimeQuest Timing Analyzer
    Info: Version 13.0.1 Build 232 06/12/2013 Service Pack 1 SJ Web Edition
    Info: Processing started: Sun Nov 02 15:56:03 2025
Info: Command: quartus_sta kit_single_cycle -c kit_single_cycle
Info: qsta_default_script.tcl version: #1
Warning (20028): Parallel compilation is not licensed and has been disabled
Info (21077): Low junction temperature is 0 degrees C
Info (21077): High junction temperature is 85 degrees C
Warning (335093): TimeQuest Timing Analyzer is analyzing 1 combinational loops as latches.
Critical Warning (332012): Synopsys Design Constraints File file not found: 'kit_single_cycle.sdc'. A Synopsys Design Constraints File is required by the TimeQuest Timing Analyzer to get proper timing constraints. Without it, the Compiler will not properly optimize the design.
Info (332142): No user constrained base clocks found in the design. Calling "derive_clocks -period 1.0"
Info (332105): Deriving Clocks
    Info (332105): create_clock -period 1.000 -name i_clk i_clk
    Info (332105): create_clock -period 1.000 -name i_reset i_reset
Info: Found TIMEQUEST_REPORT_SCRIPT_INCLUDE_DEFAULT_ANALYSIS = ON
Info: Analyzing Slow Model
Critical Warning (332148): Timing requirements not met
Info (332146): Worst-case setup slack is -37.111
    Info (332119):     Slack End Point TNS Clock 
    Info (332119): ========= ============= =====================
    Info (332119):   -37.111   -590159.134 i_clk 
    Info (332119):    -2.362        -2.362 i_reset 
Info (332146): Worst-case hold slack is 0.391
    Info (332119):     Slack End Point TNS Clock 
    Info (332119): ========= ============= =====================
    Info (332119):     0.391         0.000 i_clk 
    Info (332119):     1.528         0.000 i_reset 
Info (332146): Worst-case recovery slack is -3.853
    Info (332119):     Slack End Point TNS Clock 
    Info (332119): ========= ============= =====================
    Info (332119):    -3.853    -26509.846 i_clk 
Info (332146): Worst-case removal slack is 0.044
    Info (332119):     Slack End Point TNS Clock 
    Info (332119): ========= ============= =====================
    Info (332119):     0.044         0.000 i_clk 
Info (332146): Worst-case minimum pulse width slack is -1.380
    Info (332119):     Slack End Point TNS Clock 
    Info (332119): ========= ============= =====================
    Info (332119):    -1.380    -17634.380 i_clk 
    Info (332119):    -1.222        -1.222 i_reset 
Info (332001): The selected device family is not supported by the report_metastability command.
Info: Analyzing Fast Model
Critical Warning (332148): Timing requirements not met
Info (332146): Worst-case setup slack is -16.136
    Info (332119):     Slack End Point TNS Clock 
    Info (332119): ========= ============= =====================
    Info (332119):   -16.136   -254477.238 i_clk 
    Info (332119):    -0.911        -0.911 i_reset 
Info (332146): Worst-case hold slack is 0.215
    Info (332119):     Slack End Point TNS Clock 
    Info (332119): ========= ============= =====================
    Info (332119):     0.215         0.000 i_clk 
    Info (332119):     1.143         0.000 i_reset 
Info (332146): Worst-case recovery slack is -1.447
    Info (332119):     Slack End Point TNS Clock 
    Info (332119): ========= ============= =====================
    Info (332119):    -1.447     -5881.504 i_clk 
Info (332146): Worst-case removal slack is -0.165
    Info (332119):     Slack End Point TNS Clock 
    Info (332119): ========= ============= =====================
    Info (332119):    -0.165        -5.692 i_clk 
Info (332146): Worst-case minimum pulse width slack is -1.380
    Info (332119):     Slack End Point TNS Clock 
    Info (332119): ========= ============= =====================
    Info (332119):    -1.380    -17634.380 i_clk 
    Info (332119):    -1.222        -1.222 i_reset 
Info (332001): The selected device family is not supported by the report_metastability command.
Info (332102): Design is not fully constrained for setup requirements
Info (332102): Design is not fully constrained for hold requirements
Info: Quartus II 64-Bit TimeQuest Timing Analyzer was successful. 0 errors, 5 warnings
    Info: Peak virtual memory: 4931 megabytes
    Info: Processing ended: Sun Nov 02 15:56:10 2025
    Info: Elapsed time: 00:00:07
    Info: Total CPU time (on all processors): 00:00:07


